{"acc": [0.5030214860701838, 0.5108549685593471, 0.5024619516028607, 0.5096239927845975, 0.5192479856759177, 0.515107430617726, 0.5086168307434157, 0.5119740374939935, 0.5105192480923987, 0.5154431512447586, 0.5088406446904291, 0.5098478066782495, 0.5144359892035769, 0.5171217546734088, 0.5144359892569382, 0.5099597134649914, 0.5171217545933668, 0.5160026856587204, 0.5327887198918615, 0.5264100268576545, 0.5379364368845121, 0.563786929221482, 0.5726275739119111, 0.6267905103487955, 0.678491494969374, 0.6991942703670546, 0.7165398389074348, 0.7324306178327746, 0.7417188898836168, 0.7451880034742978, 0.7609668754528117, 0.7633169203756532, 0.7685765444218525, 0.7703670546639254, 0.7876007160973955, 0.7918531780490516, 0.7981199642965168, 0.7914055504751931, 0.8124440464999063, 0.8116606983523765, 0.8209489704032188, 0.8255371530886303, 0.8299015219871125, 0.8469113696870146, 0.8500447626506631, 0.8511638317453936, 0.8626902417722513, 0.8673903312444047, 0.8766786035086923, 0.8826096686488726, 0.8929051030610647, 0.8917860340196956, 0.9046553268748516, 0.9061101164365306, 0.91092211285551, 0.91864368850457, 0.928603402076284, 0.9284598214285714, 0.9344225605364452, 0.9378916740204035, 0.9455013427759988, 0.946060877243322, 0.9516562221299993, 0.9574753805901605, 0.9606087736071703, 0.9603849598202411, 0.9629588182632051, 0.9694494181375154, 0.9687779766700048, 0.9688898837235536], "loss": [2.2441012244621557, 2.173494214337109, 2.1615944058103227, 2.1475361962348303, 2.1338551296329755, 2.118702811648404, 2.104027371803564, 2.0861487943569035, 2.0672413905817373, 2.046714555608874, 2.025104957280035, 2.0008559092519107, 1.9758365235375632, 1.9497052608266299, 1.9223273187849066, 1.8952686317071599, 1.8653862842407842, 1.8379261248220582, 1.8081157737900981, 1.7793043128272308, 1.749463230131349, 1.7154900156821966, 1.6847291970317024, 1.62773488842171, 1.5668069337667263, 1.5274180511117728, 1.4895971837381006, 1.4406867314366858, 1.4193674665321274, 1.377964583164683, 1.3506618031669966, 1.3174327320570165, 1.295285220112028, 1.2811878447886973, 1.2361374155367286, 1.2164296192469721, 1.1935162436460531, 1.1835665756181188, 1.149582186978954, 1.1285246077027828, 1.1039000009999493, 1.0859971571523586, 1.0672087325725368, 1.031505443842793, 1.0205577480120647, 1.0038899433004504, 0.9747873495600538, 0.955099326857735, 0.9379651668675798, 0.9210788508345212, 0.8915120984895376, 0.8892414959926315, 0.8557086303603361, 0.8468772358625407, 0.8320735147624755, 0.8146899845734599, 0.7955286306468311, 0.7886085318667548, 0.7743793451689991, 0.7678860159675885, 0.7503023339150309, 0.7461821508919861, 0.7331844391092831, 0.719384246301523, 0.7098000580003033, 0.7070467984345521, 0.7039065653443229, 0.6930079712009686, 0.6914054036887501, 0.6898845811987308], "val_acc": [0.5416666666666666, 0.5595238095238095, 0.5714285714285714, 0.5595238095238095, 0.5625, 0.5119047619047619, 0.5390625, 0.5357142857142857, 0.5178571428571429, 0.5238095238095238, 0.49404761904761907, 0.49404761904761907, 0.5119047619047619, 0.5338541666666666, 0.5535714285714286, 0.5029761904761905, 0.5089285714285714, 0.5446428571428571, 0.5357142857142857, 0.5386904761904762, 0.5885416666666666, 0.5773809523809523, 0.6428571428571429, 0.6607142857142857, 0.6160714285714286, 0.6636904761904762, 0.6011904761904762, 0.703125, 0.6517857142857143, 0.7589285714285714, 0.6696428571428571, 0.6994047619047619, 0.7023809523809523, 0.7380952380952381, 0.703125, 0.7470238095238095, 0.7886904761904762, 0.7797619047619048, 0.7678571428571429, 0.7470238095238095, 0.8005952380952381, 0.8177083333333334, 0.8214285714285714, 0.7797619047619048, 0.8571428571428571, 0.7946428571428571, 0.8363095238095238, 0.8809523809523809, 0.8854166666666666, 0.8660714285714286, 0.8065476190476191, 0.8928571428571429, 0.8571428571428571, 0.8630952380952381, 0.8928571428571429, 0.8776041666666666, 0.8988095238095238, 0.875, 0.9047619047619048, 0.9196428571428571, 0.9166666666666666, 0.9226190476190477, 0.9296875, 0.9345238095238095, 0.9345238095238095, 0.9315476190476191, 0.9494047619047619, 0.9404761904761905, 0.9523809523809523, 0.9375], "val_loss": [2.180583987917219, 2.163379816781907, 2.148129145304362, 2.1327446074712846, 2.1258333978198825, 2.108746256147112, 2.092508236567179, 2.0737528687431697, 2.056227298009963, 2.0352278550465903, 2.0110463074275424, 1.9898918185915266, 1.962967282249814, 1.9348996480305989, 1.9180990741366433, 1.8807024161020915, 1.855623103323437, 1.8260801406133742, 1.7944628851754325, 1.7611567690258934, 1.7479995091756184, 1.702438995951698, 1.6582194623493014, 1.6306336777550834, 1.6292798973265148, 1.5724698248363675, 1.597700067928859, 1.4743313988049824, 1.5690076862062727, 1.3406725497472853, 1.4404569523675101, 1.392742389724368, 1.4235924936476207, 1.2786139817464919, 1.4004666407903035, 1.2965181271235149, 1.24540338629768, 1.2222994282132102, 1.2456275735582625, 1.2390326431819372, 1.1577810928935097, 1.1266645391782124, 1.1204269840603782, 1.229656843912034, 1.050773058618818, 1.087025245030721, 1.0039407468977428, 0.9607850057738168, 0.9250988960266113, 0.961686494804564, 1.1892882471992856, 0.9194504902476356, 0.8853252728780111, 0.9863860777446202, 0.8951148646218436, 0.9648622870445251, 0.8620108876909528, 0.9121103797640119, 0.8261691558928717, 0.7810058451834179, 0.8181198097410656, 0.7770350348381769, 0.7853485147158304, 0.770671770686195, 0.7940663553419567, 0.7462386403764997, 0.7541378339131674, 0.7834141793705168, 0.7430252063842047, 0.7492476205031077], "lr": [0.009999999776482582, 0.01016753725707531, 0.010666407644748688, 0.011485466733574867, 0.012606417760252953, 0.014004221186041832, 0.015647651627659798, 0.017500000074505806, 0.019519884139299393, 0.021662184968590736, 0.023879047483205795, 0.026120949536561966, 0.028337812051177025, 0.030480114743113518, 0.032499998807907104, 0.03435234725475311, 0.03599577769637108, 0.03739358112215996, 0.03851453214883804, 0.03933359310030937, 0.0398324616253376, 0.03999999910593033, 0.03995993360877037, 0.03983990475535393, 0.0396404042840004, 0.03936225175857544, 0.039006587117910385, 0.03857487812638283, 0.03806889429688454, 0.037490714341402054, 0.036842718720436096, 0.036127567291259766, 0.03534819558262825, 0.034507811069488525, 0.033609867095947266, 0.03265805169939995, 0.03165627643465996, 0.030608655884861946, 0.029519496485590935, 0.028393276035785675, 0.027234619483351707, 0.026048287749290466, 0.024839159101247787, 0.02361219935119152, 0.022372448816895485, 0.021125005558133125, 0.019874995574355125, 0.018627552315592766, 0.01738780178129673, 0.016160842031240463, 0.01495171245187521, 0.013765381649136543, 0.012606725096702576, 0.011480503715574741, 0.010391345247626305, 0.009343725629150867, 0.008341949433088303, 0.007390132639557123, 0.006492187734693289, 0.005651804152876139, 0.004872434306889772, 0.004157281946390867, 0.003509285394102335, 0.0029311070684343576, 0.0024251232389360666, 0.0019934128504246473, 0.001637750188820064, 0.0013595964992418885, 0.0011600947473198175, 0.0010400648461654782]}