{"acc": [0.7934782608695652, 0.9418314018322105, 0.9745512386799617, 0.9868211770593999, 0.9915928198678524, 0.996818904794365, 0.994433083498486, 0.9929561463845532, 0.9963644627846525, 0.9998863894569416, 0.999431947284708, 0.9997727789138832, 0.9995455578277664, 0.9998863894569416, 1.0], "loss": [1.480073939199033, 1.1401775349976935, 1.0630091881107346, 1.0191178290417617, 0.9955031363375212, 0.9668322419394312, 0.9603635440954049, 0.9549463825912753, 0.9334712055183979, 0.91640983443725, 0.9072545866510104, 0.8979739782702405, 0.8889140431866324, 0.8795669509237177, 0.8710959841922803], "val_acc": [0.6145833333333334, 0.6666666666448814, 0.41812865497076024, 0.4152046783625731, 0.6640625, 0.7309941520467836, 0.3888888888888889, 0.36257309941520466, 0.7005208333333334, 0.7397660818713451, 0.4298245614035088, 0.4415204678362573, 0.6927083333333334, 0.7397660818713451, 0.4415204678362573], "val_loss": [4.136834621429443, 2.9036104581509417, 7.795436591432805, 8.69446383024517, 5.679649770259857, 5.110073178832294, 10.037566302115458, 10.241053185267756, 5.130519807338715, 4.983780509547183, 9.66782746119806, 9.651529089052078, 5.361070732275645, 4.964644660726625, 9.6858369369953], "lr": [0.009999999776482582, 0.009750000201165676, 0.009499999694526196, 0.00925000011920929, 0.008999999612569809, 0.008750000037252903, 0.008500000461935997, 0.008249999955296516, 0.00800000037997961, 0.00774999987334013, 0.007499999832361937, 0.007249999791383743, 0.007000000216066837, 0.006750000175088644, 0.006500000134110451]}