{"acc": [0.5051339285714286, 0.5091763653174617, 0.5821396597496825, 0.683751119122296, 0.7165398389607961, 0.7351163831158418, 0.7492166517457476, 0.7672336615401928, 0.7707027753443193, 0.782788719678416, 0.7895031334997398, 0.7671217545933668, 0.8068487019867585, 0.8237466428999188, 0.8277752910112843, 0.8230752015391309, 0.8340420768852199, 0.8490376007162042, 0.8390778870911286, 0.8432184423094043, 0.8416517456408154, 0.8540734108153901, 0.8499328559706439, 0.8529543419874664, 0.8615711726775208, 0.8472470903674085, 0.8423231872150486, 0.8647045658012533, 0.8566472693650767, 0.8554162935903271, 0.8472470904741313, 0.8452327663384065, 0.8624664278785993, 0.8648164726413566, 0.8478066249948158, 0.8604521038495971, 0.843106535309217, 0.8715308863559577, 0.8141226500085986, 0.86727842435094], "loss": [1.3520810987268175, 1.3403163956229773, 1.2498965053122921, 1.159072087615755, 1.101687472530423, 1.0309025073755822, 0.9808734285052375, 0.9058451675472242, 0.8441948640954847, 0.8020990951955586, 0.732022069294536, 0.7536748683441934, 0.6551343571317975, 0.5994722248190946, 0.5702709404079639, 0.577076572441265, 0.5363088733080571, 0.5033088459590769, 0.5134424487714161, 0.5341562692779671, 0.5183423983538482, 0.494212334750482, 0.5138584034402347, 0.5110839810772676, 0.4802506290169411, 0.5513627640669541, 0.606112027445753, 0.5035354056684909, 0.5623700969328065, 0.5180839780407925, 0.5312931101932629, 0.5527861770659338, 0.5359516835362119, 0.526754380606495, 0.5651302591646582, 0.5341491911596983, 0.5647937313402563, 0.5051421780295957, 0.6286618704761686, 0.5178223045787965], "val_acc": [0.5182291666666666, 0.5059523809523809, 0.6815476190476191, 0.7053571428571429, 0.7232142857142857, 0.7410714285714286, 0.5119047619047619, 0.7526041666666666, 0.5089285714285714, 0.49702380952380953, 0.625, 0.7142857142857143, 0.8035714285714286, 0.4791666666666667, 0.8359375, 0.5505952380952381, 0.6190476190476191, 0.7857142857142857, 0.5119047619047619, 0.6428571428571429, 0.8273809523809523, 0.7421875, 0.5833333333333334, 0.8333333333333334, 0.8214285714285714, 0.6309523809523809, 0.6845238095238095, 0.6130952380952381, 0.7135416666666666, 0.7053571428571429, 0.8214285714285714, 0.5386904761904762, 0.5059523809523809, 0.4851190476190476, 0.5029761904761905, 0.5989583333333334, 0.8005952380952381, 0.6607142857142857, 0.8363095238095238, 0.7857142857142857], "val_loss": [1.3125493327776592, 1.2763850632167997, 1.1704434894380116, 1.0999012334006173, 1.069494752656846, 1.029935808408828, 1.3040416354224795, 0.8842227657636007, 1.5799941903068906, 5.368475641523089, 0.9718165936924162, 0.9147894382476807, 0.7008578408332098, 6.095741022200811, 0.5918338199456533, 2.446170659292312, 1.2911487051418848, 0.68445371729987, 1.4011235180355253, 1.2610484815779186, 0.5467788860911414, 0.6789926191171011, 1.9264665217626662, 0.5282850052629199, 0.5439657313483102, 1.1061939001083374, 1.111845524538131, 1.3873014790671212, 0.7875023186206818, 0.755224366982778, 0.7146727045377096, 4.718025514057705, 1.5580834377379644, 2.240336361385527, 2.897636788231986, 0.8743686477343241, 0.6976959804693857, 0.9384493543988183, 0.6073126054945446, 0.6420409977436066], "lr": [0.009999999776482582, 0.020051879808306694, 0.04952250421047211, 0.09640349447727203, 0.1574999839067459, 0.2286483645439148, 0.304999977350235, 0.3813515901565552, 0.45249998569488525, 0.5135964751243591, 0.5604774951934814, 0.5899481177330017, 0.6000000238418579, 0.6012575626373291, 0.605014443397522, 0.6112233400344849, 0.6198062300682068, 0.6306551694869995, 0.6436337232589722, 0.658578634262085, 0.6753020286560059, 0.6935935616493225, 0.7132232189178467, 0.7339441776275635, 0.7554957866668701, 0.7776070833206177, 0.800000011920929, 0.8223928809165955, 0.844504177570343, 0.8660557866096497, 0.8867767453193665, 0.9064064025878906, 0.9246979355812073, 0.9414213299751282, 0.9563663005828857, 0.9693448543548584, 0.9801937937736511, 0.988776683807373, 0.9949855804443359, 0.9987424612045288]}