{"acc": [0.7414132882882883, 0.9096045197740112, 0.9531073447674682, 0.9745762711190908, 0.981638418079096, 0.9855932202716332, 0.9884180790960452, 0.9903954802259887, 0.9916666666666667, 0.9950564971077913, 0.9946327684962817, 0.9967514124293785, 0.9973163843154907, 0.9968926553672316, 0.9966101694915255, 0.9992937853107344, 0.9994350282485875, 0.9995762711864407, 0.9995762713211405, 0.9970338983050847, 0.9981638418079096, 0.9983050847457627, 0.9991525423728813, 0.9995762711864407, 1.0, 1.0, 0.9998587570621469, 1.0, 0.9998587570621469, 1.0, 0.9998587570621469, 1.0, 1.0, 1.0, 1.0, 1.0, 1.0, 1.0, 1.0, 1.0, 1.0, 1.0, 1.0, 1.0, 1.0, 1.0, 1.0, 1.0, 1.0, 0.9998587570621469], "loss": [0.545094020866059, 0.26452882091204327, 0.178637932081007, 0.12482421544648833, 0.1008065903254148, 0.09294893430114466, 0.08365843338144702, 0.07791493457589446, 0.0709302500479639, 0.060811045917414, 0.0646987223692533, 0.0562370954807532, 0.054570192216479844, 0.05485029742542633, 0.05334899693643306, 0.046213537328324075, 0.04519873433193918, 0.04342003010928967, 0.04366311562263359, 0.05021564986998752, 0.046991225740330364, 0.04590836930914787, 0.04309006069844726, 0.040441269638006296, 0.03915748920312709, 0.03830300141020683, 0.038345012607547524, 0.03754683746456426, 0.037281702037921735, 0.03676106017188164, 0.03657829393185465, 0.036161020886426594, 0.035800334735442016, 0.035428658565558956, 0.035166974761391766, 0.034969633523017, 0.034682140789799774, 0.03447836393774566, 0.03430953230393135, 0.03412203547139626, 0.033962303513692595, 0.03379941196680743, 0.033673506070159925, 0.03355954812239793, 0.03346175911315417, 0.0334637318501028, 0.03330615806461727, 0.033250446642859505, 0.0332178747754986, 0.03334981677895885], "val_acc": [0.5714285714285714, 0.6403940886699507, 0.6527093596059114, 0.603448275862069, 0.4975369458128079, 0.5073891625615764, 0.43596059113300495, 0.43842364532019706, 0.6138392857142857, 0.6157635467980296, 0.6798029556650246, 0.6083743842364532, 0.5197044334975369, 0.49261083743842365, 0.5049261083743842, 0.5369458128078818, 0.609375, 0.6699507389162561, 0.6724137931034483, 0.6108374384236454, 0.45073891625615764, 0.5073891625615764, 0.5147783251231527, 0.5172413793103449, 0.6116071428571429, 0.6773399014778325, 0.6773399014778325, 0.6182266009852216, 0.5270935960591133, 0.5147783251231527, 0.5197044334975369, 0.5246305418719212, 0.609375, 0.6773399014778325, 0.6798029556650246, 0.6231527093596059, 0.5270935960591133, 0.5221674876847291, 0.5221674876847291, 0.5246305418719212, 0.6160714285714286, 0.6798029556650246, 0.6798029556650246, 0.6231527093596059, 0.5270935960591133, 0.5172413793103449, 0.5221674876847291, 0.5246305418719212, 0.6160714285714286, 0.6773399014778325], "val_loss": [0.7493621451514108, 1.5849826670632574, 1.438733355752353, 3.293429576704655, 6.176141593256608, 6.160179168719964, 7.570698693468065, 5.258666009738527, 5.1991218993706365, 3.068406947727861, 3.7679571800044016, 6.081685487859942, 6.679334652247687, 5.113436913842638, 5.672829340244162, 5.1478638836902935, 5.730021813086101, 4.855346778343463, 4.816567660552527, 5.783810798757769, 5.021510808338673, 6.735095418145504, 7.096252719757005, 7.317949755438443, 5.761015198060444, 4.688915020139347, 4.825020664431191, 5.855364867619106, 7.1466877313670265, 7.029350712968798, 7.219803033791152, 6.988605189205978, 5.65067646758897, 4.609487212937454, 4.680336400205866, 5.794945943531732, 7.102810840888564, 7.117047623460516, 7.105258834773097, 7.111891279079644, 5.703386023640633, 4.663002089326604, 4.716574829787456, 5.8007717085589325, 7.053538913210037, 7.053984335490635, 7.087768074914153, 7.117438520703997, 5.687664169285979, 4.588242461528684], "lr": [0.009999999776482582, 0.009800000116229057, 0.009600000455975533, 0.009399999864399433, 0.009200000204145908, 0.008999999612569809, 0.008799999952316284, 0.00860000029206276, 0.00839999970048666, 0.008200000040233135, 0.00800000037997961, 0.007799999788403511, 0.007600000128149986, 0.007400000002235174, 0.007199999876320362, 0.007000000216066837, 0.006800000090152025, 0.006599999964237213, 0.006399999838322401, 0.006200000178068876, 0.006000000052154064, 0.005799999926239252, 0.00559999980032444, 0.005400000140070915, 0.005200000014156103, 0.004999999888241291, 0.004800000227987766, 0.004600000102072954, 0.004399999976158142, 0.00419999985024333, 0.004000000189989805, 0.003800000064074993, 0.003599999938160181, 0.0034000000450760126, 0.0031999999191612005, 0.003000000026077032, 0.00279999990016222, 0.0026000000070780516, 0.002400000113993883, 0.002199999988079071, 0.0020000000949949026, 0.0017999999690800905, 0.0015999999595806003, 0.00139999995008111, 0.0012000000569969416, 0.0010000000474974513, 0.0007999999797903001, 0.0006000000284984708, 0.00039999998989515007, 0.00019999999494757503]}