{"acc": [0.6125224820143885, 0.7290773741983275, 0.764831942331971, 0.7758854050117826, 0.8017144145638577, 0.8063388225216374, 0.8076923076250794, 0.8336341078545475, 0.8514549966566239, 0.8634107828059585, 0.8715316941257849, 0.8837130610651877, 0.8808933001809106, 0.9041281299614728, 0.90232348298209, 0.9068351004238245, 0.9146176404509834, 0.9271373786561623, 0.9251071508060372, 0.9275885404917663, 0.9371757275117538, 0.9381908414435393, 0.9472140762597799, 0.9534175500976241, 0.9554477780418689, 0.9493570945452762, 0.9504849987645303, 0.9653733363545239, 0.9707872772388901, 0.9792465597976016, 0.9863523573200993, 0.9865779381908414], "loss": [1.0368539202127525, 0.7614844448002257, 0.7146350399328628, 0.69727283982426, 0.6628574819320646, 0.6371632639748126, 0.6393902486128434, 0.5785947719842243, 0.5446372029879764, 0.5192857281284518, 0.5014160208567093, 0.46785938242286906, 0.47602140930364234, 0.4316255402919968, 0.42481149627181924, 0.4143983646033984, 0.40217185945508716, 0.3725852548887841, 0.3676835352354493, 0.3648056008867935, 0.34589412328407937, 0.34085654857436715, 0.3232865814038063, 0.30513729047162147, 0.2974180005055476, 0.3120002053121721, 0.3073731505410977, 0.27707511029957704, 0.2652335077786376, 0.2503535299854571, 0.23482262010219912, 0.2316807668841829], "val_acc": [0.5513392857142857, 0.5172413787231069, 0.5443349747822203, 0.5197044333507275, 0.5467980304375071, 0.5665024630541872, 0.5394088668482644, 0.5492610846246991, 0.5491071428571429, 0.5517241386650819, 0.5541871928522739, 0.5418719200077903, 0.5369458135419292, 0.5591132990245161, 0.5492610846246991, 0.5467980299970786, 0.5558035714285714, 0.5443349761035055, 0.5566502471862755, 0.5320197053143544, 0.5615763549734218, 0.5098522161615306, 0.5886699501516783, 0.5566502448373241, 0.5580357142857143, 0.5640394073989003, 0.5566502465990376, 0.5492610843310802, 0.5295566509803528, 0.5886699505921068, 0.5492610846246991, 0.5541871921182266], "val_loss": [1.3992226805005754, 1.9098599814429071, 1.824887610421392, 2.5689427418074584, 1.958362540588003, 1.6353363485759116, 1.7796388635494438, 2.4844022537099906, 2.4882804666246687, 2.199875660130543, 3.384107500461522, 3.6630419357656847, 3.4868843825579865, 3.8552379608154297, 4.48410741096647, 4.9132395119502625, 4.480136326381138, 5.123355618838606, 4.580946062585991, 5.456207437468279, 5.023806059889019, 5.775163756215513, 4.676753289593852, 5.576033519406624, 5.565701961517334, 5.134343396266693, 5.89516794975168, 5.987595689707789, 6.458972742992081, 5.768052768237485, 6.3502102109599, 6.2972538435987655], "lr": [0.009999999776482582, 0.009750000201165676, 0.009499999694526196, 0.00925000011920929, 0.008999999612569809, 0.008750000037252903, 0.008500000461935997, 0.008249999955296516, 0.00800000037997961, 0.00774999987334013, 0.007499999832361937, 0.007249999791383743, 0.007000000216066837, 0.006750000175088644, 0.006500000134110451, 0.0062500000931322575, 0.006000000052154064, 0.005750000011175871, 0.005499999970197678, 0.005249999929219484, 0.004999999888241291, 0.004749999847263098, 0.0044999998062849045, 0.0042500002309679985, 0.004000000189989805, 0.0037499999161809683, 0.0035000001080334187, 0.0032500000670552254, 0.003000000026077032, 0.002749999985098839, 0.0024999999441206455, 0.0022499999031424522]}