{"acc": [0.6395739910313901, 0.8461754780652418, 0.921119235095613, 0.9458661417322834, 0.9604893138357705, 0.9666760404949382, 0.9760967379077615, 0.9814398200224972, 0.9800337457817773, 0.983830146231721, 0.9869235095613048, 0.9897356580427447, 0.9921259842519685, 0.9935320584926884, 0.9872047244094488, 0.9950787401574803, 0.9946569178852643, 0.9933914510686164, 0.9932508436445444, 0.9967660292463442, 0.9953599550056242, 0.9956411698537683, 0.9967660292463442, 0.9985939257592801, 0.9966254218222722, 0.9959223847019123, 0.9949381327334084, 0.9926884139482565, 0.9984533183352081, 0.9973284589426322, 0.9980314960629921, 0.9988751406074241, 0.9939538807649044, 0.999437570303712, 0.9953599550056242, 0.9912823397075365, 0.999578177727784, 0.9976096737907761, 0.999578177727784, 0.999859392575928, 0.999859392575928, 0.999578177727784, 0.9984533183352081, 0.9971878515185602, 0.9988751406074241, 0.9988751406074241, 0.9978908886389202, 0.9947975253093363, 0.9988751406074241, 0.9992969628796401, 1.0, 0.999859392575928, 1.0, 1.0, 0.999437570303712, 0.9910011248593926, 0.9963442069741283, 0.9966254218222722, 0.9977502812148481, 0.999859392575928, 1.0, 1.0, 1.0, 1.0, 1.0, 1.0, 1.0, 1.0, 1.0, 0.9890326209223848, 0.998734533183352, 0.999718785151856, 0.9988751406074241, 0.9990157480314961, 0.999859392575928, 1.0, 1.0, 1.0, 1.0, 1.0, 1.0, 1.0, 1.0, 1.0, 1.0, 1.0, 1.0, 1.0, 1.0, 1.0, 1.0, 1.0, 1.0, 0.999718785151856, 0.9955005624296963, 0.9964848143982002, 0.999578177727784, 1.0, 1.0, 1.0], "loss": [0.6807790092555931, 0.37985371403538604, 0.2427210341154255, 0.18356648010397655, 0.14958688586581545, 0.130883465098852, 0.11265971725314218, 0.09494982037957259, 0.10471011240651289, 0.08598111680508733, 0.0743252072521015, 0.07256733915685802, 0.05914630025993987, 0.050664809812174603, 0.0626546954201834, 0.04568181186076358, 0.047484121035000874, 0.05076187973919548, 0.044267756321768124, 0.0361309625748943, 0.03829863471795121, 0.03767468261085157, 0.032222156512422155, 0.026867159771134803, 0.03187422489766262, 0.03261937417039654, 0.0372305382462166, 0.03969856892179182, 0.02267845529807298, 0.026057720553083818, 0.023735991047424996, 0.01912939940297429, 0.0355981885129743, 0.017872557144599503, 0.028967147981129898, 0.03778721968757556, 0.014893819981320637, 0.020369057638907995, 0.013947803965016478, 0.011904831298944384, 0.011298755020389272, 0.011144625523763513, 0.014296339692797248, 0.018215867782931428, 0.012001527986657901, 0.013210841725895725, 0.014802403921938184, 0.027863769533261404, 0.01116237741831116, 0.010311401127528555, 0.007411278716180604, 0.0071002165352165095, 0.006568626448285794, 0.006298561155150725, 0.007610167526504856, 0.03302774722064574, 0.015940407006105637, 0.015712762530683565, 0.011518610993356217, 0.00700291139843661, 0.005106815312967057, 0.004802066007266565, 0.004582099917714555, 0.004330926177723604, 0.0041305260037158955, 0.003931586133029115, 0.0037736390330760632, 0.003585371585862441, 0.0034238116394548234, 0.04135169322980637, 0.008887161724416054, 0.005347464907248122, 0.006968691499843037, 0.0064566928211859395, 0.004854397568537427, 0.0031509696426345675, 0.002979650602941019, 0.0027718794554643777, 0.0027002894457878023, 0.0024809823203852865, 0.0023674364982191705, 0.0022459380591604585, 0.002201795950165297, 0.0020727242690933233, 0.001975653054563515, 0.001909362839448975, 0.0018175403143334777, 0.001715468239883554, 0.0016306304614844285, 0.0015804314419115958, 0.001503026171056271, 0.0014364232353162108, 0.0013705081871058058, 0.003471123936708652, 0.017218667304057404, 0.010053315327719642, 0.0024901180888481094, 0.0014793455039745006, 0.001282656491714183, 0.0012469558813687754], "val_acc": [0.49776785714285715, 0.502283105839333, 0.49771689579367095, 0.543378996250292, 0.5182648388218117, 0.5890410953460763, 0.5502283091414465, 0.6073059371617286, 0.5730593614110119, 0.5570776263872782, 0.5365296806374641, 0.5456621001844537, 0.5707762565242646, 0.5251141560676436, 0.5776255707762558, 0.5669642857142857, 0.5525114160694488, 0.5753424643925881, 0.5707762551634279, 0.5753424643925881, 0.5616438356164384, 0.5502283111827014, 0.6141552505972179, 0.5000000006804183, 0.5730593610027609, 0.589041096706913, 0.5547945216366145, 0.5958904095980675, 0.57534246520909, 0.5639269413196877, 0.578125, 0.5730593593697569, 0.5730593605945099, 0.5913242003689073, 0.5844748865251672, 0.547945205887703, 0.5867579919562492, 0.5981735170704044, 0.5799086752547521, 0.6004566220932355, 0.5799086760712541, 0.5844748844839123, 0.5821917808219178, 0.5639269413196877, 0.5821917816384198, 0.5848214285714286, 0.5821917819105871, 0.5776255694154191, 0.577625571864925, 0.5799086766155888, 0.6210045662100456, 0.5684931515014335, 0.6050228310502284, 0.5616438362968567, 0.5365296810457151, 0.5639269392784327, 0.5981735154374005, 0.5890410969790802, 0.5821917816384198, 0.6004566199158969, 0.59375, 0.591324201729744, 0.5844748853004142, 0.5958904112310714, 0.621004566482213, 0.5867579897789106, 0.6027397260273972, 0.5913242003689073, 0.5707762551634279, 0.5662100443012639, 0.5867579919562492, 0.5936073045752365, 0.5547945191871085, 0.5958904117754061, 0.5890410953460763, 0.6004464285714286, 0.6004566210045662, 0.591324201729744, 0.5913241995524053, 0.5913242011854093, 0.6141552514137198, 0.593607305936073, 0.5958904098702348, 0.5981735159817352, 0.575342466025592, 0.591324201729744, 0.6210045651213764, 0.575342466025592, 0.6004566216849845, 0.5936073045752365, 0.5982142857142857, 0.591324201729744, 0.6095890397350537, 0.5684931506849316, 0.5799086744382501, 0.5547945191871085, 0.6118721463908888, 0.5981735162539025, 0.589041096706913, 0.5821917794610811], "val_loss": [2.0875834822654724, 2.4689605551767566, 3.3440310465146417, 3.4064113451465623, 3.2235912471057073, 2.4229849702147046, 3.0861598977215214, 3.0404350964446047, 3.1430432219483535, 5.09988057994407, 6.590342153697254, 6.632454719717644, 5.126727006206774, 7.085378505323575, 5.719241333878748, 6.476273843220302, 6.530412778462449, 6.027410058670393, 6.079138927808091, 5.526233420524423, 5.169114030115137, 6.601831022462888, 5.460475812763928, 6.26689147513751, 6.135846852167556, 6.080577273347062, 5.531174968911088, 5.9085723929209255, 5.852445003648871, 6.4041114615523105, 5.832078814506531, 6.043510841996702, 4.269787141721543, 6.367420412089727, 6.302269791903561, 6.854971093129894, 6.242174699426242, 5.936129049623394, 6.493409054464401, 6.308427597289761, 6.547500005051425, 6.155834200175385, 6.253732526683372, 6.213643768606665, 6.374860341146112, 6.49077650478908, 4.94992401066436, 6.2330397449127615, 6.414339797137535, 6.4301706144254505, 5.86125710456883, 6.6894419247701284, 6.114618771696744, 6.6861705039734165, 6.780241996730299, 6.54155116320745, 6.096738410322634, 6.374443396041382, 6.419316017464416, 6.269360761119895, 6.3282879420689175, 6.480463842278746, 6.523663766852253, 6.365379348737464, 5.977536952658875, 6.528730705992817, 6.204881650672111, 6.51697036447046, 6.750103484550023, 6.415979337474527, 6.0985763682622345, 6.370343730874257, 5.922769361435006, 6.112667057612171, 6.463603786137551, 6.283513426780701, 6.301855420413083, 6.427836646772411, 6.497340705296764, 6.457103596430391, 6.141215607455877, 6.402560791468511, 6.232233612504724, 6.331865315023623, 6.745040623564698, 6.385386560605541, 5.947132466590568, 6.642492239878058, 6.331971590921759, 6.4097070759289885, 6.355290787560599, 6.431513712286405, 6.125953349892952, 6.7799583591826975, 6.186715008461312, 6.732871316883662, 6.000430346623948, 6.266072852426468, 6.409184103142725, 6.506592075574344]}