{"acc": [0.49278846153846156, 0.4845360824742268, 0.5231958762886598, 0.46134020618556704, 0.5257731958762887, 0.46649484536082475, 0.4690721649484536, 0.4845360824742268, 0.49226804123711343, 0.48711340206185566], "loss": [0.9329807483232938, 0.8760400223977787, 0.8701141335300564, 0.8615579789446801, 0.8427701150019145, 0.8279313807634964, 0.8182309540276674, 0.8094166726181188, 0.799760244556309, 0.7954046873702216], "val_acc": [0.53125, 0.5263158082962036, 0.46875, 0.5789473652839661, 0.5, 0.4736842215061188, 0.46875, 0.42105263471603394, 0.5, 0.5263158082962036], "val_loss": [7.622655391693115, 7.033924102783203, 4.1260552406311035, 1.1098569631576538, 5.002615928649902, 1.9447920322418213, 2.089787244796753, 1.0531525611877441, 1.1559486389160156, 0.9072341322898865], "lr": [0.009999999776482582, 0.008999999612569809, 0.00800000037997961, 0.007000000216066837, 0.006000000052154064, 0.004999999888241291, 0.004000000189989805, 0.003000000026077032, 0.0020000000949949026, 0.0010000000474974513]}