{"acc": [0.9475231847728547, 0.9476362813573379, 0.9433386111469783, 0.9453743496946392, 0.9465053155259886, 0.9503505994253799, 0.9528387242435628, 0.9591721330150655, 0.9579280705857509, 0.9636959963809093, 0.9646007690567745, 0.96256503054956, 0.9534042071929427, 0.9363266229494694, 0.9334992083239086, 0.9150644650666375, 0.9261479303055397, 0.915629947962089, 0.9206061976793475, 0.9384754580142028, 0.9519339515946619, 0.9521601447636281, 0.9601900022619317, 0.9752318479981904, 0.983261705496494, 0.9875593757068537, 0.994684460529292, 0.9960416195430898, 0.9980773580637865, 0.9980773580637865, 0.904772675878671, 0.9348563673377064, 0.9558923320515721, 0.9615471612757295, 0.9687853426961331, 0.971047274372314, 0.9756842343361231, 0.9756842343091587, 0.976702103569507, 0.9804342908574509, 0.9833748020540128, 0.9837140918074623, 0.9849581542637412, 0.9852974440171907, 0.984279574729878], "loss": [0.2204180704040027, 0.21578951252447862, 0.22666802992919968, 0.22011904446443964, 0.21746651544152437, 0.21237976968059225, 0.20245828292294882, 0.18905658667051423, 0.19076331980733735, 0.18483705003656323, 0.1797426411790617, 0.18458212444588654, 0.19749713845818972, 0.23537787073771088, 0.23747714306401657, 0.28784566642444775, 0.2501445078514087, 0.271749050321689, 0.27019250638289194, 0.23392331328523613, 0.19645732951646908, 0.19534568689145052, 0.18044693470405684, 0.15042418496313745, 0.1328394109308652, 0.12360531443068949, 0.107841694915869, 0.10273043245575973, 0.09819417924288845, 0.09542094766116202, 0.3043487960735184, 0.2404802886727465, 0.19769555253091103, 0.1869923729104873, 0.17076905103755521, 0.16798256574591694, 0.15946016259604356, 0.15593930530523828, 0.15189630295040651, 0.14730194465819055, 0.1436451954509683, 0.13955031307041307, 0.13885818023105684, 0.13761033554087665, 0.13655735115488846], "val_acc": [0.8441860434620879, 0.8558139504388321, 0.8558139515477557, 0.8302325561989186, 0.8302325556444567, 0.830232557862304, 0.8325892857142857, 0.853488369597945, 0.8209302306175232, 0.8325581423071928, 0.8604651132295298, 0.832558141752731, 0.8395348828892375, 0.84375, 0.8581395323886428, 0.7534883718157923, 0.8674418574155763, 0.7999999986138455, 0.8372093050978905, 0.7697674404743106, 0.7139534878176312, 0.75, 0.8162790667179018, 0.8558139545972957, 0.8627906998922659, 0.8465116265208222, 0.8604651148929152, 0.8674418579700381, 0.8581395334975664, 0.8638392857142857, 0.8348837200985398, 0.8534883690434832, 0.8441860487294751, 0.8395348834436993, 0.8534883748653324, 0.8604651160018388, 0.8302325561989186, 0.8549107142857143, 0.8488372062527856, 0.8488372073617092, 0.8441860451254733, 0.8581395323886428, 0.8441860487294751, 0.8465116259663604, 0.8558139551517575], "val_loss": [0.4433913465156112, 0.43364652339802234, 0.4276326063067414, 0.519000712660856, 0.4865149759969046, 0.49756766751755116, 0.46866926550865173, 0.4076102491035018, 0.5276902826719506, 0.4785291107588036, 0.45680392259775204, 0.45774212202360465, 0.49870901163234266, 0.4741168362753732, 0.4507793293442837, 0.7417742693146994, 0.40425832049791205, 0.5536170926204947, 0.46763596257498097, 0.6123464448507442, 0.8358676932578863, 0.8349963767187936, 0.5201114027999169, 0.4855063032965327, 0.530024118756139, 0.5131361991860146, 0.4751975888429686, 0.4653339435887891, 0.48681159629378207, 0.466113133089883, 0.46235443908114765, 0.42214406479236694, 0.4593970466491788, 0.3915157678515412, 0.4403337489726932, 0.43654758652975395, 0.48059983863386996, 0.4383020145552499, 0.4452590261780938, 0.424049958794616, 0.46172919023868647, 0.4553154522596404, 0.4544087272743846, 0.48784632391707844, 0.4317392409540886], "lr": [0.0010000000474974513, 0.0032499998342245817, 0.00774999987334013, 0.009999999776482582, 0.009554360061883926, 0.008305704221129417, 0.006501344498246908, 0.004498655907809734, 0.0026942959520965815, 0.0014456401113420725, 0.0010000000474974513, 0.004282377194613218, 0.013249998912215233, 0.025499997660517693, 0.0377499982714653, 0.04671762138605118, 0.05000000074505806, 0.049385733902454376, 0.04757373780012131, 0.04465487226843834, 0.04077550023794174, 0.0361301526427269, 0.030951764434576035, 0.02550000138580799, 0.020048238337039948, 0.01486984919756651, 0.010224499739706516, 0.006345128640532494, 0.003426262876018882, 0.0016142661916092038, 0.00039999998989515007, 0.0008757293689996004, 0.0020803185179829597, 0.003450126852840185, 0.004344205837696791, 0.004442113917320967, 0.004247638862580061, 0.0038759682793170214, 0.0033601270988583565, 0.0027459498960524797, 0.0020880091469734907, 0.0014447655994445086, 0.0008733744616620243, 0.00042460623080842197, 0.0001383359485771507]}