{"acc": [0.5003372302158273, 0.49513684689418896, 0.5102917891947076, 0.5689889165482028, 0.6872879439175763, 0.7200859534311715, 0.7222347885228692, 0.6832164668896651, 0.7289074869804106, 0.7501696448632426, 0.7491517756433407, 0.763062655534768, 0.7759556661523648, 0.7791223704774465, 0.8106763175617271, 0.8193847545804117, 0.8247002940511197, 0.8447183895181192, 0.847998190427684, 0.8617959737750746, 0.860665007930243, 0.8625876498664566, 0.8736711151458052, 0.8905225062203121, 0.8881474779596482, 0.8945939832347412, 0.9077131870752329, 0.9187966523410993, 0.9282967654511659, 0.9272788961503711, 0.939040940977065, 0.9502375028004503, 0.9548744628047059, 0.9659579280436079, 0.9763628138160576, 0.9851843474327076, 0.9897082107850691, 0.9959285229586067, 0.9973987785568876, 0.9976249717258538], "loss": [1.3636216525551226, 1.3903701500611132, 1.2732687470223185, 1.227915611263854, 1.1433768995043865, 1.073599874798029, 1.0092304908590224, 1.0130312955101755, 0.9083821926281965, 0.8329660430857294, 0.7980374864554735, 0.7447919153811247, 0.7029197684673938, 0.679257920844823, 0.588409333039236, 0.5621678335880753, 0.5560675963533596, 0.5131540342144124, 0.5049872917237527, 0.47387042769046156, 0.46788643627138704, 0.4781429599755707, 0.44055754557720433, 0.38623624240562027, 0.3769863551354899, 0.3681755237950375, 0.35027623656539725, 0.31907029342756527, 0.29448920154673996, 0.2962114837301233, 0.2666220383740097, 0.23434661671913634, 0.21707638063411372, 0.1956503213301311, 0.16972573372849079, 0.14849315074417177, 0.13339161463006, 0.12089715384535055, 0.1152282027408457, 0.11475380644576362], "val_acc": [0.5133928571428571, 0.513953488372093, 0.4790697674418605, 0.6395348834436994, 0.5930232530416444, 0.425581395903299, 0.7325581398121146, 0.5139534855997839, 0.4799107142857143, 0.6186046494994053, 0.5953488402588423, 0.4581395355767982, 0.5813953482827475, 0.4930232563684153, 0.6116279100262841, 0.6953488369320714, 0.6026785714285714, 0.7232558131217957, 0.44651162846143855, 0.811627907253975, 0.651162792083829, 0.6511627884798272, 0.730232557862304, 0.8279069748035697, 0.7991071428571429, 0.588372092468794, 0.8023255800091943, 0.8441860434620879, 0.8162790689357492, 0.793023254427799, 0.8581395323886428, 0.8418604631756628, 0.8392857142857143, 0.8279069742491079, 0.9000000016633855, 0.9046511655630067, 0.9325581400893456, 0.9000000022178473, 0.9279069784075715, 0.9209302331126014], "val_loss": [1.332258973802839, 1.2714459463607433, 1.2907786075458971, 1.1548298891200575, 1.2257993138113688, 1.4990917111552038, 0.9766496688820595, 1.1792346948801085, 1.2224187680653162, 1.0173155307769775, 0.9744743017263191, 1.2869865960853044, 1.2336869589118071, 1.1123295933701272, 0.9731814936149952, 0.7538830003073049, 1.132012162889753, 0.6864905645680982, 1.5605049510334814, 0.5477537889813268, 0.9811632879944735, 0.9985151263170464, 0.723097282786702, 0.5423920709033345, 0.5963776963097709, 1.4794685313867968, 0.6031865147657173, 0.5012755226257235, 0.5928691389948822, 0.6119832327199537, 0.4563789380151172, 0.5730256684990817, 0.5209696250302451, 0.4977237706960634, 0.4033668030140012, 0.36075006654096203, 0.2848163497309352, 0.448876534506332, 0.3231377708357434, 0.3651093877332155], "lr": [0.009999999776482582, 0.020051879808306694, 0.04952250421047211, 0.09640349447727203, 0.1574999839067459, 0.2286483645439148, 0.304999977350235, 0.3813515901565552, 0.45249998569488525, 0.5135964751243591, 0.5604774951934814, 0.5899481177330017, 0.6000000238418579, 0.5981168150901794, 0.5924909114837646, 0.5831930637359619, 0.5703401565551758, 0.5540938973426819, 0.5346585512161255, 0.5122784972190857, 0.4872352182865143, 0.45984360575675964, 0.43044817447662354, 0.39941859245300293, 0.36714503169059753, 0.33403337001800537, 0.3005000054836273, 0.26696664094924927, 0.2338549941778183, 0.2015814334154129, 0.1705518215894699, 0.1411563903093338, 0.11376480758190155, 0.08872152119874954, 0.06634147465229034, 0.04690610244870186, 0.03065982460975647, 0.017806943506002426, 0.008509090170264244, 0.002883193315938115]}