{"acc": [0.5020089285714285, 0.4993303571428571, 0.5125335719613167, 0.5918755594811059, 0.6920322291853178, 0.7021038495437738, 0.7272829005733172, 0.7239256938761008, 0.7510071621479044, 0.7691360788891757, 0.7765219338578419, 0.7863697403760072, 0.777976723472882, 0.8093106536429806, 0.8248657117278424, 0.8275514771176323, 0.8292300806263246, 0.8538495971885449, 0.8579901523000979, 0.8603401969027711, 0.8500447627040245, 0.8678379589249859, 0.8823858549153047, 0.8940241718889884, 0.8995076096153942, 0.9150626677536174, 0.9093554162402824, 0.9199865710660615, 0.9267009848340239, 0.9347582811634777, 0.9485228289529054, 0.9542300806796861, 0.957811101217193, 0.9635183526771668, 0.9753804835445025, 0.9856759176365264, 0.9942927484333035, 0.9966427931960609, 0.9985452103849597, 0.9992166517457476, 0.9994404655326768], "loss": [1.3786480060645512, 1.388688165800912, 1.3158482468971313, 1.2366295944075554, 1.1529447540387365, 1.1131842507778158, 1.0562020559447518, 1.016706887695975, 0.9180635957709358, 0.8439085895500764, 0.8013487809880461, 0.7430125947711504, 0.7464759980554333, 0.6446301487266964, 0.614703481605038, 0.577811286987315, 0.5644260845551452, 0.5057698839886869, 0.48100520594374024, 0.47737679565817304, 0.49544135104254516, 0.47504964254749815, 0.4271391015449804, 0.3941355208093392, 0.3719754001607613, 0.3455101593114909, 0.3492731346866331, 0.32647270719281457, 0.3122136425043497, 0.28922269607401363, 0.250109278365983, 0.23494353476868426, 0.22457770844496247, 0.20411674107359046, 0.17671276608960587, 0.15019454710325603, 0.12933753662298275, 0.11958096251758808, 0.1125209599119697, 0.11039184978366859, 0.10883806004866811], "val_acc": [0.5, 0.5026041666666666, 0.49107142857142855, 0.5863095238095238, 0.5119047619047619, 0.5327380952380952, 0.5297619047619048, 0.6160714285714286, 0.7630208333333334, 0.6696428571428571, 0.6934523809523809, 0.5684523809523809, 0.8273809523809523, 0.5297619047619048, 0.7291666666666666, 0.7526041666666666, 0.6726190476190477, 0.6488095238095238, 0.8095238095238095, 0.7886904761904762, 0.6517857142857143, 0.8422619047619048, 0.7682291666666666, 0.7232142857142857, 0.8095238095238095, 0.8779761904761905, 0.8273809523809523, 0.8928571428571429, 0.8720238095238095, 0.9140625, 0.9345238095238095, 0.9107142857142857, 0.8779761904761905, 0.8809523809523809, 0.9017857142857143, 0.9464285714285714, 0.953125, 0.9553571428571429, 0.9761904761904762, 0.9494047619047619, 0.9553571428571429], "val_loss": [1.3062286376953125, 1.3566662271817524, 1.32342453229995, 1.3284146047773815, 1.386830829438709, 1.5742908545902796, 1.4110507681256248, 1.1004280078978765, 0.8738196591536204, 1.0172049772171747, 0.9642577568689982, 1.2462154570079984, 0.6572717314674741, 5.436358497256324, 0.8412064909934998, 0.7349453866481781, 0.8753831883271536, 1.0955059982481457, 0.5799585296994164, 0.6352718146074385, 0.8439824297314599, 0.5442651169640678, 0.6579000949859619, 0.7726829534485227, 0.5540536500158764, 0.4055544137954712, 0.5307876964410146, 0.4220023439044044, 0.43222169223285856, 0.3447648311654727, 0.27083576151302885, 0.37835214251563665, 0.4255824968928382, 0.4254921632153647, 0.42534722033001127, 0.2705212391558148, 0.24322572847207388, 0.2152737123625619, 0.1886137610390073, 0.24945689666838872, 0.2388828042007628], "lr": [0.009999999776482582, 0.020051879808306694, 0.04952250421047211, 0.09640349447727203, 0.1574999839067459, 0.2286483645439148, 0.304999977350235, 0.3813515901565552, 0.45249998569488525, 0.5135964751243591, 0.5604774951934814, 0.5899481177330017, 0.6000000238418579, 0.5981168150901794, 0.5924909114837646, 0.5831930637359619, 0.5703401565551758, 0.5540938973426819, 0.5346585512161255, 0.5122784972190857, 0.4872352182865143, 0.45984360575675964, 0.43044817447662354, 0.39941859245300293, 0.36714503169059753, 0.33403337001800537, 0.3005000054836273, 0.26696664094924927, 0.2338549941778183, 0.2015814334154129, 0.1705518215894699, 0.1411563903093338, 0.11376480758190155, 0.08872152119874954, 0.06634147465229034, 0.04690610244870186, 0.03065982460975647, 0.017806943506002426, 0.008509090170264244, 0.002883193315938115]}