{"acc": [0.5051339285714286, 0.49653088630259623, 0.5074977618888113, 0.5363697404293686, 0.5924350941085132, 0.7221351834205826, 0.7668979409131602, 0.7799910473418001, 0.8040510294366972, 0.8199418085221212, 0.8451208594983032, 0.8554162936436884, 0.8698522828472653, 0.8960384960780746, 0.9010743062839832, 0.9166293644222064, 0.9269247986743145, 0.9375559534467324, 0.9428155774929317, 0.9553491495076096, 0.9628469112630177, 0.963070725210031, 0.9723589974209573, 0.9823187108325873, 0.9895926589077887, 0.990376007268764, 0.9921665175641982, 0.9930617727119152, 0.9960832587287377, 0.9992166517457476, 0.9992166517457476, 0.9998880931065354, 0.9997761862130707, 0.9998880931065354, 1.0, 0.9998880931065354, 1.0, 0.9998880931065354, 1.0, 1.0], "loss": [1.3827078878879546, 1.3180681968653105, 1.285807771136319, 1.2647110606904743, 1.2369130683350797, 1.1305894569936563, 1.0696471852709806, 1.0357747212412534, 0.9810022271522584, 0.9525227604322168, 0.8972265206497486, 0.8739342021963483, 0.8400859430418979, 0.7875413061682411, 0.7816673650096971, 0.7461253564167791, 0.722944450730603, 0.6970428253991751, 0.6806095875366095, 0.6586808112976054, 0.6341547712536934, 0.6353131186887422, 0.6139906865737218, 0.5916156800815647, 0.5757406750425443, 0.5702860378322584, 0.5640882131449324, 0.5604253027091202, 0.5525113103532748, 0.5417512053875595, 0.5397262192775655, 0.5377102381113713, 0.5359110903184972, 0.5350523644936543, 0.5339083901023693, 0.5330682070850792, 0.5325413649383142, 0.5325725998532698, 0.5318089987192179, 0.5315629909800544], "val_acc": [0.5208333333333334, 0.49107142857142855, 0.5208333333333334, 0.5922619047619048, 0.6875, 0.7321428571428571, 0.7202380952380952, 0.5572916666666666, 0.8214285714285714, 0.7886904761904762, 0.8333333333333334, 0.7857142857142857, 0.7916666666666666, 0.8928571428571429, 0.8489583333333334, 0.8452380952380952, 0.8333333333333334, 0.8690476190476191, 0.9196428571428571, 0.8958333333333334, 0.875, 0.9114583333333334, 0.8988095238095238, 0.8988095238095238, 0.9494047619047619, 0.9047619047619048, 0.9166666666666666, 0.9107142857142857, 0.9453125, 0.9464285714285714, 0.9404761904761905, 0.9345238095238095, 0.9464285714285714, 0.9434523809523809, 0.9345238095238095, 0.9348958333333334, 0.9375, 0.9196428571428571, 0.9434523809523809, 0.9375], "val_loss": [1.2842825651168823, 1.2896054301943098, 1.3059401285080683, 1.2442432244618733, 1.1898174740019298, 1.2269871518725441, 1.1680391345705305, 1.4437358578046162, 0.9935974592254275, 0.990409220967974, 0.9433148531686693, 1.0107434250059582, 1.0666003738130843, 0.8539984623591105, 0.9820047815640768, 0.8647856712341309, 0.9449438452720642, 0.897890723886944, 0.7364261519341242, 0.8505405130840483, 0.8505943275633312, 0.7783513367176056, 0.8135613997777303, 0.7897554352169945, 0.6495982181458246, 0.7758478777749198, 0.754845488639105, 0.8047968319484166, 0.7214768727620443, 0.7053376861980983, 0.6971808728717622, 0.756401538848877, 0.668784723395393, 0.7253913368497577, 0.7101823318572271, 0.7161522607008616, 0.7287232904207139, 0.724247395992279, 0.7074844553357079, 0.7010235587755839], "lr": [0.009999999776482582, 0.009750000201165676, 0.009499999694526196, 0.00925000011920929, 0.008999999612569809, 0.008750000037252903, 0.008500000461935997, 0.008249999955296516, 0.00800000037997961, 0.00774999987334013, 0.007499999832361937, 0.007249999791383743, 0.007000000216066837, 0.006750000175088644, 0.006500000134110451, 0.0062500000931322575, 0.006000000052154064, 0.005750000011175871, 0.005499999970197678, 0.005249999929219484, 0.004999999888241291, 0.004749999847263098, 0.0044999998062849045, 0.0042500002309679985, 0.004000000189989805, 0.0037499999161809683, 0.0035000001080334187, 0.0032500000670552254, 0.003000000026077032, 0.002749999985098839, 0.0024999999441206455, 0.0022499999031424522, 0.0020000000949949026, 0.0017500000540167093, 0.001500000013038516, 0.0012499999720603228, 0.0010000000474974513, 0.000750000006519258, 0.0005000000237487257, 0.0002500000118743628]}