{"acc": [0.4979856760243593, 0.49709042076991944, 0.4966427931426995, 0.5024619516829028, 0.49820948967788514, 0.504252461978337, 0.5013428827482563, 0.5058191585668839, 0.5039167413246237, 0.49820948981128854, 0.5147717099906935, 0.49809758278442046, 0.5024619517629447, 0.502685765549874, 0.508504923849951, 0.5024619515494992, 0.49619516562220234, 0.5000000000533613, 0.49451656219355206, 0.4940689346730549, 0.4986571172784244, 0.5102954341453853, 0.508728737583519, 0.49686660695630946, 0.499888093053174, 0.5010071619878204, 0.5059310653002644, 0.4976499552372426, 0.4956356312082405, 0.501119068881285, 0.5096239928112781, 0.5048119964723408, 0.5221575649326788, 0.5038048344311591, 0.49093554162936437, 0.5088406444769836, 0.4993285587459349, 0.5072739481285627, 0.5012309758814724, 0.5047000895788761, 0.48981647258799527, 0.5099597134649914, 0.49675470006284483], "loss": [1.6767160172108144, 1.5257358319437067, 1.5111132231586835, 1.4865489047664344, 1.456422089996782, 1.4117713363019078, 1.3624302047432375, 1.3045748777440753, 1.2440987944923134, 1.1793118310807107, 1.113701895186169, 1.0543502893635708, 0.9981056254360434, 0.9545748612660858, 0.9068947580635495, 0.8751122842650384, 0.8395882143222976, 0.8175616038624688, 0.7965980465111182, 0.7772549033271701, 0.7676270764751315, 0.7551211968211052, 0.7424655670872093, 0.7380485978100912, 0.730376001010543, 0.7302152698554412, 0.7193892306799108, 0.7186730053666028, 0.7156205630878731, 0.7136311033205358, 0.7122259059438987, 0.7079021362396042, 0.7060561020564264, 0.7119065891341002, 0.7122833311504408, 0.7079612408350276, 0.7145012730770913, 0.7121659908427014, 0.7085562466828014, 0.7029328321706213, 0.7092512267022231, 0.7351775910028305, 0.7427655391748611], "val_acc": [0.5565476190476191, 0.5446428571428571, 0.5208333333333334, 0.5029761904761905, 0.4973958333333333, 0.5416666666666666, 0.5119047619047619, 0.5208333333333334, 0.4791666666666667, 0.5119047619047619, 0.49702380952380953, 0.4973958333333333, 0.49702380952380953, 0.5267857142857143, 0.5357142857142857, 0.5119047619047619, 0.4880952380952381, 0.49702380952380953, 0.5026041666666666, 0.49702380952380953, 0.5119047619047619, 0.5119047619047619, 0.5, 0.5, 0.5, 0.5078125, 0.5059523809523809, 0.47023809523809523, 0.47023809523809523, 0.4791666666666667, 0.5148809523809523, 0.49702380952380953, 0.5208333333333334, 0.46726190476190477, 0.4791666666666667, 0.49702380952380953, 0.5, 0.5, 0.49404761904761907, 0.48214285714285715, 0.5238095238095238, 0.4851190476190476, 0.4732142857142857], "val_loss": [1.5270085164478846, 1.5116492907206218, 1.4971747284843808, 1.4684042192640758, 1.4487079779307048, 1.389297371818906, 1.332582916532244, 1.2702490658987136, 1.2280212924593972, 1.1427251724969774, 1.0927093142554873, 1.0445733467737834, 0.9684970123427254, 0.9311974587894621, 0.881620602948325, 0.8488254320053827, 2.973737989153181, 0.7993754432314918, 0.8014544248580933, 0.7812130735034034, 0.758619141011011, 0.7444927295049032, 0.7363370713733491, 0.7321535831406003, 0.762807894320715, 0.7200387318929037, 0.723043387844449, 0.7159589926401774, 0.7117066326595488, 0.7156368181819007, 0.7095198177155995, 0.7059909445898873, 0.707431055250622, 0.7068610475176856, 0.7098547929809207, 0.7042918517476037, 0.7034099896748861, 0.7071623206138611, 0.7114375602631342, 0.7255289355913798, 0.7162506268137977, 0.7593668018068586, 0.7272909709385463], "lr": [0.019999999552965164, 0.023569589480757713, 0.034122347831726074, 0.05119707062840462, 0.0740475133061409, 0.10167499631643295, 0.1328720599412918, 0.1662752628326416, 0.20042471587657928, 0.23382791876792908, 0.26502498984336853, 0.2926524877548218, 0.31550291180610657, 0.332577645778656, 0.3431304097175598, 0.3467000126838684, 0.3460041582584381, 0.3439222276210785, 0.34047096967697144, 0.33567818999290466, 0.32958248257637024, 0.3222328722476959, 0.31368860602378845, 0.30401840806007385, 0.29330018162727356, 0.28162020444869995, 0.269072562456131, 0.2557581961154938, 0.24178437888622284, 0.22726359963417053, 0.009999999776482582, 0.027790674939751625, 0.07901688665151596, 0.1574999839067459, 0.2537737786769867, 0.35622620582580566, 0.45249998569488525, 0.5309830904006958, 0.5822092890739441, 0.6000000238418579, 0.5966548323631287, 0.586694061756134, 0.5703401565551758]}