{"acc": [0.7557455156950673, 0.9129640044994376, 0.9561304836895388, 0.9715973003374578, 0.9863610798650169, 0.9834083239595051, 0.9933914510686164, 0.9960629921259843, 0.9977502812148481, 0.9983127109111362], "loss": [0.5195720880020894, 0.26404361767093026, 0.16890251861112057, 0.12645370464591799, 0.08916882280557845, 0.0966784728123179, 0.071199270415762, 0.05858518955946237, 0.0538751930333632, 0.05180678338114134], "val_acc": [0.5558035714285714, 0.5365296798209621, 0.543378996250292, 0.5730593615470956, 0.5136986287761497, 0.6004566204602315, 0.5616438342556017, 0.6301369873900392, 0.5844748865251672, 0.5753424657534246], "val_loss": [2.6398238965443204, 1.9154462346203251, 2.079469702559519, 3.996114356332718, 3.7867176924666315, 5.405245933358528, 5.7138857645531225, 5.342360570550509, 6.255201378913775, 6.169928472336024], "lr": [0.009999999776482582, 0.008999999612569809, 0.00800000037997961, 0.007000000216066837, 0.006000000052154064, 0.004999999888241291, 0.004000000189989805, 0.003000000026077032, 0.0020000000949949026, 0.0010000000474974513]}