{"acc": [0.4996627697841727, 0.499886903428999, 0.4992083238951358, 0.5012440624427968, 0.49886903415516853, 0.5002261931689663, 0.4960416195430898, 0.49717258540140347, 0.4995476136688085, 0.4951368468739657, 0.49264872201533644, 0.5032798009634935, 0.5021488351051798, 0.5019226419496957, 0.5058810223964942, 0.5180954535442681, 0.523524089579236, 0.5662745985206072, 0.5965844831620911, 0.6557339968198135, 0.6715675186609364, 0.6923772901923536, 0.6875141371000247, 0.7393123727528603, 0.7514137072925572, 0.7736937344627018, 0.7682650983940285, 0.7959737616058821, 0.8033250395838045, 0.8201764306583116, 0.8329563447318716, 0.8476589006742346, 0.8690341551819961, 0.8862248359829882, 0.888034381375165, 0.8991178466140671, 0.9191359420810665, 0.9314634698032119, 0.9358742365980547, 0.9450350599142254], "loss": [8.712349439696442, 8.636992543403231, 8.534805943485408, 8.413520814012927, 8.378016924216343, 8.292886762267404, 6.001396676205694, 6.194585863375281, 14.362558952906207, 6.022856257830613, 3.4156541056396788, 2.419879504712667, 1.8912167166239857, 1.5421481893710274, 1.316224191367316, 1.1293110183072128, 1.0278823076667518, 0.9092502639833496, 0.85820436532938, 0.8059075001110672, 0.8024266032012063, 0.7414126437434619, 0.7168555009340813, 0.6384126069561386, 0.8061686498470043, 0.72649654044309, 0.6820451443051353, 0.7377523517640999, 0.6134862421567935, 0.541722413857742, 0.48849077867561, 0.45010410000824386, 0.4013342214463874, 0.36416147009222466, 0.3446754453894618, 0.3202371383328105, 0.28565213761699604, 0.25250755329998714, 0.23705640662393265, 0.22544485735046568], "val_acc": [0.5022321428571429, 0.5023255819498107, 0.4790697674418605, 0.5069767426612766, 0.5186046496380207, 0.4906976744186046, 0.49999999778215276, 0.5023255798705789, 0.5022321428571429, 0.4906976738641428, 0.5023255802864253, 0.5000000005544618, 0.4837209298167118, 0.5093023240566253, 0.5162790692129801, 0.506976744324662, 0.49776785714285715, 0.5976744216541912, 0.565116277406382, 0.39069767289383467, 0.5930232583090317, 0.7046511647313141, 0.5860465094100598, 0.43488372093023253, 0.6339285714285714, 0.6651162762974584, 0.6813953513322875, 0.6953488363776096, 0.6139534855997839, 0.6790697646695514, 0.7093023253041645, 0.7953488358231477, 0.78125, 0.7162790705991345, 0.8209302353304486, 0.8279069753580315, 0.8046511655630068, 0.8209302306175232, 0.8511627876481345, 0.8395348859387775], "val_loss": [8.668354988098145, 8.536765599805255, 8.810855537237122, 8.283418575553007, 8.029024620943291, 8.41704549567644, 5.049700164794922, 23.80961448314578, 8.703649520874023, 4.256231208180273, 2.7965003213217092, 2.102648580906003, 1.7152739796527596, 1.407843963489976, 1.2054191240044527, 1.0803368413171104, 0.9792021598134723, 0.8792677970819696, 0.8879013299942017, 1.592346430379291, 0.84325206085693, 0.7130742918613345, 0.8192863189896872, 1.4651513609775277, 1.014711516244071, 0.9282214807909589, 0.9441751887631971, 0.8771452512851982, 0.969873376779778, 0.8390542174494544, 0.7689876473227213, 0.5658337676247885, 0.5711849672453744, 0.7322004650914392, 0.4836164933304454, 0.4758299464403197, 0.5276500790618187, 0.47901914591013, 0.4604014727958413, 0.4635825750439666], "lr": [0.20000000298023224, 0.20681484043598175, 0.22679491341114044, 0.2585786283016205, 0.29999998211860657, 0.34823617339134216, 0.3999999761581421, 0.4517638087272644, 0.5, 0.5414213538169861, 0.5732050538063049, 0.5931851863861084, 0.6000000238418579, 0.5981168150901794, 0.5924909114837646, 0.5831930637359619, 0.5703401565551758, 0.5540938973426819, 0.5346585512161255, 0.5122784972190857, 0.4872352182865143, 0.45984360575675964, 0.43044817447662354, 0.39941859245300293, 0.36714503169059753, 0.33403337001800537, 0.3005000054836273, 0.26696664094924927, 0.2338549941778183, 0.2015814334154129, 0.1705518215894699, 0.1411563903093338, 0.11376480758190155, 0.08872152119874954, 0.06634147465229034, 0.04690610244870186, 0.03065982460975647, 0.017806943506002426, 0.008509090170264244, 0.002883193315938115]}