{"acc": [0.5023606115107914, 0.508934630201133, 0.6013345397103833, 0.700067857964172, 0.7506220312281395, 0.7866998416512996, 0.8178014023841654, 0.8338611174077368, 0.8586292693690999, 0.8772902058357838, 0.8913141822847298, 0.8848676769691904, 0.9092965392175505, 0.9228681293959748, 0.938588554598686, 0.9405111965618639, 0.9305586971273467, 0.9597376158970348, 0.9703686948654151, 0.9717258538926951, 0.9791902284551006, 0.9819045464826962, 0.985749830328159, 0.994684460529292, 0.9960416195430898, 0.9962678127120561, 0.9958154263471591, 0.9989821307396517, 0.9993214204931011, 0.9981904546213053, 0.9996607102465506, 1.0, 0.9997738068310337, 1.0, 1.0, 1.0, 0.9980773580772686, 0.9996607102465506, 1.0, 0.9997738068310337], "loss": [1.3704911144517309, 1.3424758455435686, 1.2617682756759603, 1.1728878296815657, 1.0984329597304456, 1.0295965829010976, 0.966467903469839, 0.9418496900865649, 0.8827859049360021, 0.846775264754551, 0.8192707621870579, 0.8217683640493847, 0.7691702199882847, 0.7399649744226878, 0.7081621831640672, 0.6981661684290367, 0.7203771925112749, 0.6515480278034983, 0.6281553318909837, 0.6260941376839254, 0.6065294716563653, 0.598019413307926, 0.5887316630938775, 0.5658066529705632, 0.5596670238471791, 0.5580476594844896, 0.5590921361584977, 0.5478429602055872, 0.5445760565088821, 0.5467156395737441, 0.5424769005471294, 0.5397955054908931, 0.5390134759144501, 0.5377825671287447, 0.5371622148479064, 0.5364986896730607, 0.5415389268168009, 0.536928139871344, 0.5359117946482385, 0.5357307632081084], "val_acc": [0.49107142857142855, 0.49767441805018936, 0.6023255786230398, 0.6860465113506761, 0.5790697704914004, 0.4279069750808006, 0.6348837209302326, 0.6651162810103838, 0.7589285714285714, 0.7744186049283937, 0.7465116276297459, 0.8255813981211463, 0.7860465107962142, 0.7651162782380747, 0.7069767466811246, 0.7813953485599784, 0.8392857142857143, 0.8302325609118439, 0.6697674396426179, 0.8534883707068687, 0.8302325573078422, 0.8209302300630614, 0.8488372084706328, 0.8534883743108705, 0.8348214285714286, 0.8232558142307193, 0.8906976755275283, 0.8674418626829635, 0.8837209330048672, 0.8930232527644135, 0.8767441888188207, 0.8697674399198487, 0.8705357142857143, 0.8813953510550565, 0.8674418632374253, 0.8697674435238506, 0.9046511638996213, 0.8627906946248787, 0.888372095241103, 0.872093026028123], "val_loss": [1.363570315497262, 1.5281419887099155, 1.3197787883669831, 1.1829005623972693, 1.636399996557901, 2.088317334929178, 2.19869186157404, 1.2664129833842432, 1.1483595541545324, 1.0607839068701101, 1.1473567552344743, 0.9886190195416296, 1.0425189334292744, 1.1076034828673962, 1.2697547302689662, 1.139974154982456, 0.9431169714246478, 0.9320309769275577, 1.5174793675888416, 0.9239961241566857, 0.9573799643405648, 1.0684245339659757, 0.9997986316680908, 0.988251996594806, 1.0936829703194755, 1.031859043032624, 0.8921068349549937, 0.977773586539335, 0.9103582482005275, 0.9241174531537433, 0.9368243292320606, 0.9382789035176122, 0.9521230203764779, 0.9353807316269985, 0.9708486540372981, 0.9615495532058006, 0.8502601953439934, 0.9719464643057003, 0.9210179287333821, 0.9391201241071834], "lr": [0.009999999776482582, 0.009750000201165676, 0.009499999694526196, 0.00925000011920929, 0.008999999612569809, 0.008750000037252903, 0.008500000461935997, 0.008249999955296516, 0.00800000037997961, 0.00774999987334013, 0.007499999832361937, 0.007249999791383743, 0.007000000216066837, 0.006750000175088644, 0.006500000134110451, 0.0062500000931322575, 0.006000000052154064, 0.005750000011175871, 0.005499999970197678, 0.005249999929219484, 0.004999999888241291, 0.004749999847263098, 0.0044999998062849045, 0.0042500002309679985, 0.004000000189989805, 0.0037499999161809683, 0.0035000001080334187, 0.0032500000670552254, 0.003000000026077032, 0.002749999985098839, 0.0024999999441206455, 0.0022499999031424522, 0.0020000000949949026, 0.0017500000540167093, 0.001500000013038516, 0.0012499999720603228, 0.0010000000474974513, 0.000750000006519258, 0.0005000000237487257, 0.0002500000118743628]}