{"acc": [0.579136690647482, 0.6908414167285423, 0.7456575682113221, 0.7854725919914332, 0.8166027521538514, 0.8357771260593697, 0.8590119556920297, 0.8714189037038595, 0.8935258290231456, 0.9031130159355678, 0.9176629820849915, 0.9308594630234079, 0.9311978343295212, 0.9469884952814724, 0.9623279945995048, 0.9601849762198889, 0.9737198285854296, 0.9804872546942487, 0.9883825851567787, 0.9923302502872012, 0.9871418903676968, 0.9915407172396036, 0.9931197834423641, 0.9969546581374155, 0.9995488382585157, 0.9993232572802082, 0.9995488382585157, 0.9997744190216925, 0.999887209564629, 1.0, 1.0, 1.0, 1.0, 1.0, 1.0, 1.0, 1.0, 1.0, 1.0, 0.999887209564629], "loss": [1.2910600463263422, 1.2084411157594694, 1.1279334128642495, 1.0500247275186612, 0.9932397000815996, 0.9486010462926361, 0.8974600107035733, 0.8661187161529088, 0.8113542947655146, 0.7994521791096495, 0.7664971912845704, 0.7244064896095426, 0.7213095057744784, 0.6861018987560337, 0.6572643769344034, 0.6566699442356831, 0.6244158234280011, 0.6109794550788555, 0.5897863350763242, 0.5762519485090485, 0.5865428196154947, 0.5753411746659721, 0.5706545503500378, 0.5587949100020452, 0.5496072430872041, 0.5485743629779123, 0.5455850524932462, 0.5434193769534985, 0.5414812534059275, 0.5402226987364812, 0.5390987091158035, 0.5383906794164457, 0.537491966135583, 0.5368005740112788, 0.536057481815765, 0.5355880492943124, 0.5353049735922913, 0.5350232920177682, 0.5347777629393421, 0.5346051570714636], "val_acc": [0.5580357142857143, 0.5492610822757477, 0.5197044329102991, 0.5000000007340474, 0.5935960591133005, 0.524630542752778, 0.5098522173360064, 0.5295566511271622, 0.5267857142857143, 0.5418719219163134, 0.5369458126610723, 0.5591133016670866, 0.551724137784225, 0.5418719219163134, 0.5418719197141713, 0.5443349758098865, 0.5513392857142857, 0.5418719210354566, 0.5517241379310345, 0.5246305404038265, 0.5689655184158551, 0.5246305404038265, 0.5714285699604768, 0.5517241364629398, 0.5580357142857143, 0.5541871915309887, 0.5714285717221904, 0.5443349752226486, 0.5320197051675449, 0.5837438422177226, 0.5517241364629398, 0.5541871906501319, 0.5625, 0.5517241386650819, 0.5517241379310345, 0.5467980289694123, 0.5541871906501319, 0.5812807881773399, 0.5566502448373241, 0.5640394073989003], "val_loss": [1.4461942229952132, 1.9478141586181565, 2.4985958825191252, 3.3800255277473936, 1.5966040718144383, 2.719385769566879, 3.87156688521061, 3.7997488329563236, 5.019709859575544, 4.128181138062125, 4.6015389822973995, 4.502194458627936, 4.217560972486224, 5.873559162534517, 5.349563558700637, 6.201629511828493, 5.913385323115757, 6.37742370690031, 6.4867937529615585, 6.748710942385819, 6.5574949527608934, 6.80089247520334, 6.167906289030179, 6.581703881324805, 6.583253587995257, 6.5687164978440755, 6.627901655112582, 6.712463327229316, 7.009630503912865, 6.259956787372458, 6.729668119270813, 6.75552803659674, 6.608156408582415, 6.935583636091261, 6.633574131087129, 6.897833868787794, 6.740007797485502, 6.401951463351696, 6.791513497019049, 6.562593492968329], "lr": [0.009999999776482582, 0.009750000201165676, 0.009499999694526196, 0.00925000011920929, 0.008999999612569809, 0.008750000037252903, 0.008500000461935997, 0.008249999955296516, 0.00800000037997961, 0.00774999987334013, 0.007499999832361937, 0.007249999791383743, 0.007000000216066837, 0.006750000175088644, 0.006500000134110451, 0.0062500000931322575, 0.006000000052154064, 0.005750000011175871, 0.005499999970197678, 0.005249999929219484, 0.004999999888241291, 0.004749999847263098, 0.0044999998062849045, 0.0042500002309679985, 0.004000000189989805, 0.0037499999161809683, 0.0035000001080334187, 0.0032500000670552254, 0.003000000026077032, 0.002749999985098839, 0.0024999999441206455, 0.0022499999031424522, 0.0020000000949949026, 0.0017500000540167093, 0.001500000013038516, 0.0012499999720603228, 0.0010000000474974513, 0.000750000006519258, 0.0005000000237487257, 0.0002500000118743628]}