{"acc": [0.6054121376811594, 0.8150420360363659, 0.9053624179438552, 0.9436491709680781, 0.9629629630171367, 0.9648943425199981, 0.9775051126911325, 0.9786412180675428, 0.9765962284550128, 0.982731197617645, 0.9853442400538144, 0.9910247670983867, 0.9902294933511517, 0.9940922517609634, 0.9956827994179547, 0.9938650307290203, 0.9955691888748963, 0.994205862466543, 0.995682799363781, 0.9972733469665985, 0.9981822313110656, 0.9978413996818905, 0.998863894569416, 0.9995455578277664, 0.9989775051124744, 0.9985230629402408, 0.9997727789138832, 0.9998863894569416, 1.0, 1.0, 1.0, 1.0, 1.0, 1.0, 1.0, 1.0, 1.0, 1.0, 1.0, 1.0, 1.0, 1.0, 1.0, 1.0, 1.0, 1.0, 1.0, 1.0, 1.0, 1.0], "loss": [0.7260371334310891, 0.4602553227142268, 0.2719631528372224, 0.18863471796013664, 0.1371451287300336, 0.1298179002112623, 0.0917674404664409, 0.09013552228494602, 0.0915085268045008, 0.06924250508283816, 0.05882029296647037, 0.043651630746874046, 0.04381316841424013, 0.03319666042400812, 0.026287796251328526, 0.03052162124071303, 0.02470319021397546, 0.02765869833588248, 0.02156191919031969, 0.016462748718101567, 0.01472290451080792, 0.014285799164567934, 0.012148518987986965, 0.008787675050079444, 0.009528461823625487, 0.011125223252772473, 0.006263985332220935, 0.0062027036596891206, 0.005356347711256988, 0.0047544536308398765, 0.004597291704610082, 0.004239755728567928, 0.004025617126401677, 0.003822446753472171, 0.0036454756421068126, 0.003513325348270431, 0.0033486123228840523, 0.003290520261618051, 0.0031266053332812817, 0.0030211461480462304, 0.0029328762886610235, 0.00287723591888924, 0.002790184038871308, 0.0027449110188936003, 0.0026976880230182233, 0.0026367568603292077, 0.0025979433517875155, 0.0025792176495277627, 0.002562033594400791, 0.0025438822879312296], "val_acc": [0.6119791666666666, 0.6666666666666666, 0.45029239940364457, 0.5087719296502788, 0.6770833333333334, 0.6871345029239766, 0.3304093567251462, 0.391812865497076, 0.6536458333333334, 0.6432748538011696, 0.4093567251461988, 0.43859649122807015, 0.6354166666666666, 0.7251461988304093, 0.4269005847953216, 0.4473684210526316, 0.7135416666666666, 0.7105263157894737, 0.347953216374269, 0.4415204678362573, 0.7161458333333334, 0.7192982456140351, 0.43567251461988304, 0.43567251461988304, 0.7265625, 0.6578947368421053, 0.39473684210526316, 0.45321637426900585, 0.7057291666666666, 0.7397660818713451, 0.4327485380116959, 0.43859649122807015, 0.71875, 0.7426900584795322, 0.43859649122807015, 0.4473684210526316, 0.7239583333333334, 0.7426900584795322, 0.43567251461988304, 0.4415204678362573, 0.7239583333333334, 0.7426900584795322, 0.43859649122807015, 0.4415204678362573, 0.7213541666666666, 0.7426900584795322, 0.43567251461988304, 0.4415204678362573, 0.7213541666666666, 0.7426900584795322], "val_loss": [6.319956387082736, 3.23036872016059, 2.420530751434683, 1.6795946938252588, 2.308737243215243, 3.4397753874460855, 6.194280345537509, 6.161312376546581, 1.2094568312168121, 4.161172551718372, 8.919696183232537, 7.791686253240931, 3.768321219831705, 3.9993668773718047, 8.392533553274054, 8.15748449445468, 3.9191809669137, 4.202839295069377, 7.9402605748316, 8.32814609795286, 4.27651911166807, 4.161261002222697, 8.699245352494088, 8.865347045206883, 4.271536425997813, 4.592261879764802, 8.870538365771198, 8.157802663002794, 4.269612976970772, 4.096169824662962, 8.892057800850672, 8.857843186423095, 4.293248984031379, 4.085467646693625, 8.857128740054124, 8.819994262871687, 4.280391332538177, 4.089932854848298, 8.8731381572478, 8.841067237115046, 4.288274255736421, 4.0946026135954945, 8.869426345267492, 8.849596603397737, 4.303428735195969, 4.08600236431897, 8.874509571588527, 8.841427278623247, 4.298698602244258, 4.086042399992023], "lr": [0.10000000149011612, 0.09799999743700027, 0.09600000083446503, 0.09399999678134918, 0.09200000017881393, 0.09000000357627869, 0.08799999952316284, 0.0860000029206276, 0.08399999886751175, 0.0820000022649765, 0.07999999821186066, 0.07800000160932541, 0.07599999755620956, 0.07400000095367432, 0.07199999690055847, 0.07000000029802322, 0.06800000369548798, 0.06599999964237213, 0.06400000303983688, 0.06199999898672104, 0.05999999865889549, 0.057999998331069946, 0.0560000017285347, 0.05400000140070915, 0.052000001072883606, 0.05000000074505806, 0.04800000041723251, 0.04600000008940697, 0.04399999976158142, 0.041999999433755875, 0.03999999910593033, 0.03799999877810478, 0.035999998450279236, 0.03400000184774399, 0.03200000151991844, 0.029999999329447746, 0.02800000086426735, 0.026000000536441803, 0.024000000208616257, 0.02199999988079071, 0.019999999552965164, 0.017999999225139618, 0.01600000075995922, 0.014000000432133675, 0.012000000104308128, 0.009999999776482582, 0.00800000037997961, 0.006000000052154064, 0.004000000189989805, 0.0020000000949949026]}