{"acc": [0.5137140287769785, 0.6117753214594637, 0.7390029325109826, 0.7625761335035385, 0.8080306790656493, 0.8349875931462288, 0.8550642905750528, 0.869727047065728, 0.900180464602474, 0.9089781186824294, 0.9125874124932929, 0.9275885405186576, 0.9364989848054076, 0.9478908188720064, 0.9508233701109805, 0.949131513674534, 0.9689826302863985, 0.975298894546168, 0.9780058651026393, 0.9871418903676968, 0.9869163094969546, 0.9953755921497857, 0.9963907060681254, 0.9960523346544469, 0.9968418678096097, 0.9970674485727866, 0.9993232573877735, 1.0, 0.999887209564629, 1.0, 1.0, 1.0, 0.999887209564629, 1.0, 1.0, 1.0, 1.0, 1.0, 1.0, 1.0], "loss": [1.3547867579425839, 1.273408636857499, 1.1242270132179268, 1.0822574037099675, 0.9943701804907791, 0.9466065362267265, 0.8958050180659347, 0.8602079045495572, 0.7988976497911531, 0.7779466470692138, 0.7645358147858874, 0.7327427127924402, 0.7190868759058464, 0.6860354808418632, 0.6778274407081294, 0.6773735090380943, 0.6379571041941454, 0.6217176033120485, 0.6156012297295137, 0.5908046981940387, 0.5839928266105548, 0.5671502295154603, 0.5612311454381842, 0.5603654045916668, 0.5564050261118653, 0.5551476493635807, 0.5467032612566751, 0.5430160057133271, 0.5414952313337965, 0.5403246344708977, 0.5391010830559958, 0.5385815608375045, 0.5375299797137704, 0.5367932704993948, 0.5361082416986629, 0.5356215513669528, 0.535317707352194, 0.5350358332088185, 0.534684991758563, 0.5343689623385661], "val_acc": [0.5290178571428571, 0.5197044329102991, 0.5246305412846833, 0.49999999970638104, 0.5591133003458014, 0.5467980304375071, 0.5073891622679574, 0.5320197053143544, 0.5379464285714286, 0.5443349753694581, 0.5394088668482644, 0.5517241391055102, 0.5197044340847748, 0.5517241379310345, 0.5418719197141713, 0.5320197041398786, 0.5602678571428571, 0.5443349752226486, 0.5812807890581967, 0.5492610822757477, 0.581280787590102, 0.5344827580334518, 0.5911330043388705, 0.5714285699604768, 0.5625, 0.5714285708413336, 0.5738916259093825, 0.5517241385182724, 0.5320197051675449, 0.6059113299024517, 0.5541871906501319, 0.5615763555606598, 0.5691964285714286, 0.5591133012266581, 0.5689655181222362, 0.559113299905373, 0.5615763540925651, 0.5812807890581967, 0.5689655157732846, 0.5738916241476688], "val_loss": [1.2912303379603796, 1.6468931037216938, 2.029089496053498, 2.6646864085361877, 2.030575493873634, 2.609275403281151, 3.566530279338066, 3.8583628720250625, 4.070437840053013, 3.540552653702609, 3.743913608231568, 3.992966025920924, 4.850388731275286, 5.195778257153892, 4.607569593514127, 5.39045184234093, 5.938631807054792, 5.714268818277444, 5.488090209773022, 6.270600234346436, 6.058915467097841, 6.832563738517574, 6.137564083625531, 6.560834856456136, 6.5630243846348355, 6.465436738112877, 6.617754165762164, 6.651896063330138, 6.999070242707952, 6.2464937952351685, 6.7417594364711215, 6.724794479426492, 6.55635404586792, 6.948954939254986, 6.591972346376315, 6.839053565058215, 6.740153326776815, 6.405172282251819, 6.708636124145809, 6.56976349365535], "lr": [0.009999999776482582, 0.009750000201165676, 0.009499999694526196, 0.00925000011920929, 0.008999999612569809, 0.008750000037252903, 0.008500000461935997, 0.008249999955296516, 0.00800000037997961, 0.00774999987334013, 0.007499999832361937, 0.007249999791383743, 0.007000000216066837, 0.006750000175088644, 0.006500000134110451, 0.0062500000931322575, 0.006000000052154064, 0.005750000011175871, 0.005499999970197678, 0.005249999929219484, 0.004999999888241291, 0.004749999847263098, 0.0044999998062849045, 0.0042500002309679985, 0.004000000189989805, 0.0037499999161809683, 0.0035000001080334187, 0.0032500000670552254, 0.003000000026077032, 0.002749999985098839, 0.0024999999441206455, 0.0022499999031424522, 0.0020000000949949026, 0.0017500000540167093, 0.001500000013038516, 0.0012499999720603228, 0.0010000000474974513, 0.000750000006519258, 0.0005000000237487257, 0.0002500000118743628]}