{"acc": [0.6764204545454545, 0.8423603194741321, 0.915621436580149, 0.937428734661372, 0.9582383121568774, 0.9740592926366843, 0.9760547318371563, 0.982611174798202, 0.9868871153012648, 0.9874572409327517, 0.9880273660205245, 0.9917331810959933, 0.9895952107425154, 0.9947263401345761, 0.9942987455201665, 0.9954389965792474, 0.9987172177879133, 0.9965792477742568, 0.9881698971735303, 0.9948688714914746, 0.9981470923603193, 0.9998574686431014, 0.999714937286203, 0.9978620296465223, 0.9987172181277346, 0.999714937286203, 0.9995724059293044, 0.9998574686431014, 1.0, 1.0, 1.0, 1.0, 0.9998574686431014, 0.999714937286203, 0.9990022805017104, 1.0, 1.0, 1.0, 1.0, 1.0, 1.0, 1.0, 1.0, 1.0, 1.0, 1.0, 1.0, 1.0, 1.0, 1.0], "loss": [0.6390578903935172, 0.3932231328914212, 0.2551336230682538, 0.19698619347239846, 0.14567701785295284, 0.10426336537065364, 0.09928855481754008, 0.08101859438140689, 0.0672473479295946, 0.063431362172285, 0.05702739529218206, 0.05096525848421567, 0.05264121268535014, 0.03719935300701564, 0.03370888108980153, 0.03000472288285653, 0.019994762245068666, 0.024914820101897963, 0.05012103498933525, 0.027983370592802797, 0.01821555890368049, 0.012808138466394477, 0.011942975054215746, 0.015600483591626892, 0.01434635401128907, 0.010011719141533532, 0.010546925957681039, 0.008644465918832181, 0.008022050520866056, 0.007577956491654384, 0.007207172176776243, 0.006892401460630388, 0.006826885339263466, 0.006926362875832017, 0.00850143608134856, 0.006060413663682263, 0.005892375401277498, 0.005587897252316927, 0.005418801977550834, 0.005287080094167281, 0.005216417495403417, 0.005043424320796944, 0.004931286664439647, 0.00487421436645218, 0.004782641199794401, 0.004729595863628823, 0.00470034085413783, 0.004641249788098861, 0.004610700465891693, 0.004598676784552353], "val_acc": [0.6119791666666666, 0.6871345029239766, 0.3888888888888889, 0.4298245614035088, 0.6848958333333334, 0.7368421052631579, 0.38596491228070173, 0.45614035087719296, 0.6692708333333334, 0.7222222222222222, 0.3742690058479532, 0.3508771929824561, 0.6223958333333334, 0.7192982456140351, 0.4298245614035088, 0.41812865497076024, 0.6979166666666666, 0.6198830409356725, 0.38011695849790905, 0.4473684210526316, 0.6848958333333334, 0.7397660818713451, 0.4444444444444444, 0.4502923976608187, 0.7161458333333334, 0.716374269005848, 0.4269005847953216, 0.4502923976608187, 0.7057291666666666, 0.7397660818713451, 0.4415204678362573, 0.4415204678362573, 0.7213541666666666, 0.7368421052631579, 0.4327485380116959, 0.4415204678362573, 0.7213541666666666, 0.7397660818713451, 0.4415204678362573, 0.43859649122807015, 0.7213541666666666, 0.7397660818713451, 0.4444444444444444, 0.4415204678362573, 0.7239583333333334, 0.7397660818713451, 0.4444444444444444, 0.4444444444444444, 0.7265625, 0.7426900584795322], "val_loss": [5.946900017559528, 2.018487620771977, 3.7967126327648497, 4.083950781682779, 1.5255210946003597, 2.234041796790229, 6.4394548455177, 4.510574158172162, 3.1853420014182725, 3.0432389409918534, 9.65901587999355, 8.671080929494044, 3.5581856270631156, 3.84203306833903, 7.909660060503329, 8.12165329470272, 4.343688525259495, 3.818243164068077, 4.204806430995116, 6.894483995716474, 4.444714894518256, 3.8258499293996575, 8.500352116356119, 6.031053847039652, 4.235538280258576, 3.7977805953276786, 8.199551375985843, 7.8147004696360804, 4.154237357589106, 3.854622647776241, 8.579243176164683, 8.630886247980664, 4.27646583567063, 3.8977174089666, 8.844337502418206, 8.712787678367214, 4.3379692280044155, 4.016845313429135, 8.778759853184571, 8.794474509724399, 4.302214360485475, 3.9882903029347023, 8.761607846321418, 8.765012611422623, 4.2945601760099334, 3.9908420593417877, 8.749273358729848, 8.760396481954563, 4.294918833921353, 3.98328177203909], "lr": [0.10000000149011612, 0.09799999743700027, 0.09600000083446503, 0.09399999678134918, 0.09200000017881393, 0.09000000357627869, 0.08799999952316284, 0.0860000029206276, 0.08399999886751175, 0.0820000022649765, 0.07999999821186066, 0.07800000160932541, 0.07599999755620956, 0.07400000095367432, 0.07199999690055847, 0.07000000029802322, 0.06800000369548798, 0.06599999964237213, 0.06400000303983688, 0.06199999898672104, 0.05999999865889549, 0.057999998331069946, 0.0560000017285347, 0.05400000140070915, 0.052000001072883606, 0.05000000074505806, 0.04800000041723251, 0.04600000008940697, 0.04399999976158142, 0.041999999433755875, 0.03999999910593033, 0.03799999877810478, 0.035999998450279236, 0.03400000184774399, 0.03200000151991844, 0.029999999329447746, 0.02800000086426735, 0.026000000536441803, 0.024000000208616257, 0.02199999988079071, 0.019999999552965164, 0.017999999225139618, 0.01600000075995922, 0.014000000432133675, 0.012000000104308128, 0.009999999776482582, 0.00800000037997961, 0.006000000052154064, 0.004000000189989805, 0.0020000000949949026]}