{"acc": [0.5050358101525473, 0.5024619517095834, 0.5007833481475298, 0.5020143239756407, 0.4975380482370552, 0.5051477169926506, 0.49653088630259623, 0.5032452998571131, 0.4927260518180758, 0.5017905103487955, 0.4942927484333035, 0.5011190689880077, 0.5647940913693864, 0.6539838854607024, 0.7207923008057296, 0.7281781557743957, 0.7378021485589932, 0.7710384960247132, 0.7732766339473673, 0.7919650851026004, 0.791293643795174, 0.7999104745385897, 0.7976723367226582, 0.8131154880207783, 0.8147940913693864, 0.8254252460884429, 0.8231871082191502, 0.8420993732680352, 0.8567591764719868, 0.8497090420236306, 0.8600044763290999, 0.8773500448694801, 0.8745523724795028, 0.8747761861597093, 0.8857430616658825, 0.8958146822911452, 0.8948075201432408, 0.898388540840832, 0.9051029544487103, 0.9079006265718806, 0.915510295327476, 0.9195389437056484, 0.9222247090954384, 0.9330796776547855, 0.9393464637421666, 0.9493061772605192, 0.9461727841367866, 0.9576991943770898, 0.9604968667137057, 0.9669874664812933, 0.9757162042248964, 0.9797448522295392, 0.9928379588182632, 0.994740376007162, 0.9950760966875559, 0.9984333034914951, 0.9995523724261415, 0.9996642793196061, 1.0, 1.0, 0.9998880931065354], "loss": [1.5366332361286201, 1.357846726235686, 1.3163087905894035, 1.2701746905180846, 1.2171026619823255, 1.1584370971899962, 1.0987485783806632, 1.0389369107189195, 0.9836297756129327, 0.9264779100486393, 0.8828095197677612, 1.3902781770607138, 1.29767284536319, 1.2072808903674517, 1.1273861007169623, 1.087469139479054, 1.061940834366432, 0.9801617715651154, 0.9381554815101111, 0.861907063260501, 0.824155048696506, 0.7674093420951624, 0.7327784055989025, 0.6976147439187408, 0.6610091920932063, 0.6275205539611161, 0.6247594951516086, 0.5628746180205657, 0.5207694999426736, 0.5290219072475962, 0.5211998436103042, 0.4664297122291507, 0.47404380768350757, 0.46366361805447104, 0.44580824421043364, 0.4252950876764453, 0.42165294278916654, 0.4064115359512097, 0.3870078303660254, 0.3842174647744468, 0.35960114594538933, 0.352822201211429, 0.36028443731787807, 0.32629314878740373, 0.29780740090108065, 0.27103686211305533, 0.27581271729302814, 0.2438797910056588, 0.22750279091251888, 0.21098295551863971, 0.18529863903697516, 0.173971473903878, 0.1389549678073147, 0.1292158105379786, 0.1217606432382401, 0.11169298364044623, 0.10512228471526314, 0.1027156182280479, 0.10057494674635019, 0.09975920292076088, 0.0994833765573126], "val_acc": [0.5119047619047619, 0.4851190476190476, 0.4791666666666667, 0.5238095238095238, 0.4973958333333333, 0.5029761904761905, 0.5089285714285714, 0.5089285714285714, 0.49702380952380953, 0.4732142857142857, 0.48214285714285715, 0.4791666666666667, 0.5892857142857143, 0.7053571428571429, 0.6119791666666666, 0.5208333333333334, 0.7559523809523809, 0.5863095238095238, 0.6517857142857143, 0.7589285714285714, 0.5505952380952381, 0.71875, 0.7291666666666666, 0.6696428571428571, 0.5565476190476191, 0.43154761904761907, 0.5327380952380952, 0.6994047619047619, 0.6536458333333334, 0.625, 0.6309523809523809, 0.7678571428571429, 0.8809523809523809, 0.7708333333333334, 0.8095238095238095, 0.8333333333333334, 0.8630952380952381, 0.8244047619047619, 0.7380952380952381, 0.9136904761904762, 0.8333333333333334, 0.7113095238095238, 0.859375, 0.9464285714285714, 0.8273809523809523, 0.7083333333333334, 0.8928571428571429, 0.9315476190476191, 0.8869047619047619, 0.9192708333333334, 0.9315476190476191, 0.9315476190476191, 0.9434523809523809, 0.9166666666666666, 0.9672619047619048, 0.9732142857142857, 0.9661458333333334, 0.9672619047619048, 0.9732142857142857, 0.9642857142857143, 0.9613095238095238], "val_loss": [1.3758201939719064, 1.341565836043585, 1.295811613400777, 1.2420591626848494, 1.1871136824289958, 1.1262593893777757, 1.063876952443804, 1.0114127624602545, 0.9487807693935576, 0.9153487597193036, 0.8643813984734672, 1.7464367491858346, 1.272977738153367, 1.1787554593313307, 1.2840766509373982, 1.804365873336792, 1.0084426119214012, 1.3338440145765031, 1.1309549127306258, 0.918940836475009, 1.2230744078045799, 0.8754523992538452, 0.9173990402902875, 1.2124440613247098, 1.6539497602553594, 1.8621044613066173, 1.4032186099461146, 0.9612926216352553, 1.178433358669281, 1.0904827174686251, 1.263110563868568, 0.6520737594082242, 0.5052719598724729, 0.7455573309035528, 0.5443420637221563, 0.5696082462867101, 0.4773896662961869, 0.6884974581854684, 0.7765206836518788, 0.37168910531770616, 0.5201954330716815, 1.1120973314557756, 0.5045064638058344, 0.30184188910893034, 0.6168065525236583, 1.0394805669784546, 0.3983458096072787, 0.29533916853723075, 0.40581167879558744, 0.36248110234737396, 0.2750491230260758, 0.27667658243860516, 0.27039765531108495, 0.32704212693941026, 0.22208758124283381, 0.22752438130832853, 0.19339407483736673, 0.2127473865236555, 0.16566464375881923, 0.19941740234692892, 0.20084189091409957], "lr": [0.057999998331069946, 0.06379088759422302, 0.08091045171022415, 0.10861049592494965, 0.14568038284778595, 0.19049999117851257, 0.24111048877239227, 0.2952999472618103, 0.3507000207901001, 0.4048894941806793, 0.4554999768733978, 0.009999999776482582, 0.016315342858433723, 0.03498535975813866, 0.06519408524036407, 0.10562124848365784, 0.15449999272823334, 0.20969407260417938, 0.2687912583351135, 0.32920870184898376, 0.3883059024810791, 0.44349998235702515, 0.49237871170043945, 0.5328059196472168, 0.5630146265029907, 0.5816846489906311, 0.5879999995231628, 0.5868184566497803, 0.5832833647727966, 0.577423095703125, 0.5692849159240723, 0.5589343905448914, 0.5464547276496887, 0.5319464802742004, 0.5155264735221863, 0.49732691049575806, 0.4774942696094513, 0.45618826150894165, 0.4335804581642151, 0.40985286235809326, 0.3851965069770813, 0.35980990529060364, 0.3338974714279175, 0.3076678216457367, 0.28133219480514526, 0.2551025450229645, 0.22919011116027832, 0.20380352437496185, 0.1791471540927887, 0.15541955828666687, 0.1328117400407791, 0.11150574684143066, 0.0916731134057045, 0.07347352802753448, 0.05705351382493973, 0.04254528135061264, 0.030065638944506645, 0.019715066999197006, 0.011576901189982891, 0.005716666113585234, 0.002181544667109847]}