{"acc": [0.49797661870503596, 0.500113096571001, 0.4995503597122302, 0.5038452838724271, 0.51289301063782, 0.5425243157791461, 0.6639900475005655, 0.7347885093600521, 0.7486993892514795, 0.7583125989729936, 0.7672472291471624, 0.7968785342413007, 0.798348789866546, 0.818819271671478, 0.8338611173672904, 0.8218728794255588, 0.8302420266638296, 0.8520696674690773, 0.8529744401584246, 0.8625876498260101, 0.8748020809501902, 0.8685817688440635, 0.8853200633206052, 0.887468898425785, 0.8997964261479303, 0.8982130739786485, 0.9088441529200644, 0.910427505062382, 0.9151775616511207, 0.9199276181859308, 0.9154037548066049, 0.9171002035468877, 0.9168740103779215, 0.9288622483600996, 0.9316896629452139, 0.9280705722687175, 0.9260348337749852, 0.9394933273015155, 0.9363266229494694, 0.939154037548066, 0.9383623614566841, 0.9460529292015382], "loss": [9.829538206402347, 9.166971201703603, 2.6340456797922256, 2.587944807388264, 2.2528731594310036, 2.0294589436558463, 1.7834573447556012, 1.5821048362684909, 1.4449862279764696, 1.3458539746352867, 1.253564800727532, 1.1378430285029917, 1.0612305743045545, 0.968028772850701, 0.8766517103513801, 0.8561589463052101, 0.8155135830261405, 0.7386864126065661, 0.6974221913287662, 0.6437630177595798, 0.6097561374181969, 0.5904194225123823, 0.5451684692169686, 0.520984607095013, 0.47439771785479384, 0.4606843524404145, 0.4277479288885966, 0.40878456921308887, 0.40130926510565584, 0.3743310394976857, 0.3798089420409851, 0.3824324554055289, 0.3663321694780922, 0.34257865253413755, 0.33064509555107596, 0.32797234216391086, 0.3327178072535703, 0.3048375564560149, 0.3064232173076018, 0.29764467388816185, 0.2919273119764451, 0.27323104650139457], "val_acc": [0.49776785714285715, 0.49767441805018936, 0.5, 0.5441860459571661, 0.5465116284614385, 0.49302325595256896, 0.40465116140454316, 0.5279069761897243, 0.781395349668902, 0.5023255813953489, 0.515625, 0.5441860454027043, 0.7046511630679286, 0.6651162793469984, 0.8046511655630068, 0.7186046486677126, 0.7162790700446727, 0.6930232555367226, 0.703125, 0.7069767433543538, 0.7488372106884801, 0.7604651148929152, 0.613953491421633, 0.8023255800091943, 0.7232558111811793, 0.816279072539751, 0.8549107142857143, 0.620930233944294, 0.7348837200985399, 0.8534883707068687, 0.8279069753580315, 0.8674418585245, 0.8627907004467277, 0.8116279078084369, 0.6941964285714286, 0.5720930215924285, 0.679069768828015, 0.7999999975049219, 0.7046511625134668, 0.6465116267980531, 0.8790697702141695, 0.820930231171985], "val_loss": [9.564017023359026, 8.926993103914482, 2.7057036331721713, 2.383647049305051, 2.127185229367988, 1.9700743087502413, 2.0793422920759332, 1.7474695161331533, 1.4089582005212473, 1.797522732823394, 1.539008038384574, 1.8346597555071809, 1.229483287278996, 1.2496051938034767, 0.8904429441274598, 1.0105968225833981, 1.0097545590511587, 0.9698072156240773, 1.0485244308199202, 0.963445617431818, 0.8796419171399849, 0.7735402437143548, 1.5207124100175016, 0.733626707764559, 0.8742923553599867, 0.6454760450263356, 0.5274070033005306, 1.6838749735854392, 0.9548728136129158, 0.5384903098261633, 0.6066954659861188, 0.4921142203863277, 0.4698131250780682, 0.5713695126910542, 1.056829137461526, 1.3250810368116512, 1.1157248682753984, 0.807445911751237, 0.8120146341102068, 1.5034719433895378, 0.5816429997599402, 0.5927704808323883], "lr": [0.30000001192092896, 0.30000001192092896, 0.20000000298023224, 0.20000000298023224, 0.20000000298023224, 0.20000000298023224, 0.20000000298023224, 0.20000000298023224, 0.20000000298023224, 0.20000000298023224, 0.20000000298023224, 0.20000000298023224, 0.20000000298023224, 0.20000000298023224, 0.20000000298023224, 0.20000000298023224, 0.20000000298023224, 0.20000000298023224, 0.20000000298023224, 0.20000000298023224, 0.20000000298023224, 0.20000000298023224, 0.20000000298023224, 0.20000000298023224, 0.20000000298023224, 0.20000000298023224, 0.20000000298023224, 0.20000000298023224, 0.20000000298023224, 0.20000000298023224, 0.20000000298023224, 0.20000000298023224, 0.20000000298023224, 0.20000000298023224, 0.20000000298023224, 0.20000000298023224, 0.20000000298023224, 0.20000000298023224, 0.20000000298023224, 0.20000000298023224, 0.20000000298023224, 0.20000000298023224]}