{"acc": [0.5003348214285714, 0.49999999989327726, 0.4993285586658929, 0.5021262309491474, 0.49921665174574753], "loss": [8.935170751810073, 8.818694812224823, 8.635137088403386, 8.453658215788293, 8.399613370186747], "val_acc": [0.5026041666666666, 0.49107142857142855, 0.4791666666666667, 0.5505952380952381, 0.4791666666666667], "val_loss": [8.902390241622925, 8.853179023379372, 8.883384023393903, 7.622240021115258, 8.679672740754627], "lr": [0.20000000298023224, 0.20681484043598175, 0.22679491341114044, 0.2585786283016205, 0.29999998211860657]}